day,Temperature,Rainfall,Snowfall,warm,exciting,wet,solitary,bounce,etc
20210101,2.1084210526315794,0.0473684210526315,71.6421052631579,91.0,71.0,90.0,63.0,75.0,1.0
20210102,1.9294736842105265,0.0989473684210526,33.95789473684211,94.0,70.0,91.0,63.0,75.0,1.0
20210103,1.5547368421052634,0.0,5.578947368421051,92.0,68.0,93.0,64.0,73.0,1.0
20210104,4.453684210526316,0.0410526315789473,99.0,93.0,66.0,94.0,65.0,73.0,1.0
20210105,2.353684210526316,0.0547368421052631,13.73684210526316,94.0,66.0,95.0,65.0,72.0,2.0
20210106,-0.1926315789473683,0.4221052631578946,279.9473684210526,97.0,66.0,97.0,67.0,70.0,1.0
20210107,-3.3557894736842093,0.22,184.1157894736842,96.0,64.0,98.0,68.0,69.0,1.0
20210108,-6.707368421052631,0.211578947368421,140.0,94.0,68.0,96.0,67.0,70.0,0.0
20210109,-3.812631578947368,0.14,125.88421052631578,94.0,67.0,96.0,68.0,68.0,1.0
20210110,-0.2410526315789475,0.0210526315789473,38.05263157894737,95.0,67.0,98.0,69.0,67.0,1.0
20210111,-0.8821052631578943,0.1252631578947368,53.631578947368425,91.0,71.0,93.0,66.0,74.0,1.0
20210112,3.0789473684210518,0.1210526315789473,169.9578947368421,91.0,70.0,93.0,66.0,75.0,0.0
20210113,9.963157894736844,0.0010526315789473,1.6421052631578947,91.0,72.0,91.0,64.0,76.0,0.0
20210114,10.601052631578948,0.0,0.0,93.0,70.0,93.0,63.0,73.0,0.0
20210115,13.548421052631571,0.02,0.0,92.0,70.0,92.0,63.0,73.0,0.0
20210116,4.792631578947369,0.4400000000000001,25.26315789473684,94.0,72.0,91.0,63.0,72.0,0.0
20210117,0.7621052631578948,0.111578947368421,175.26315789473685,93.0,70.0,93.0,64.0,72.0,0.0
20210118,3.8926315789473698,0.2042105263157894,158.5157894736842,88.0,69.0,88.0,61.0,79.0,0.0
20210119,1.6052631578947374,0.0,9.0,91.0,68.0,91.0,63.0,77.0,0.0
20210120,8.734736842105262,0.0,0.0,93.0,65.0,94.0,65.0,74.0,0.0
20210121,10.548421052631577,1.2821052631578944,0.0,95.0,65.0,95.0,64.0,74.0,0.0
20210122,10.135789473684213,0.5168421052631579,0.0,95.0,66.0,97.0,68.0,71.0,0.0
20210123,10.584210526315792,0.9600000000000002,0.0,96.0,69.0,96.0,67.0,71.0,0.0
20210124,11.76315789473684,0.011578947368421,0.0,97.0,68.0,99.0,70.0,68.0,0.0
20210125,12.86,0.3494736842105263,0.0,96.0,69.0,95.0,67.0,72.0,0.0
20210126,7.636842105263161,0.9294736842105265,0.0,94.0,70.0,94.0,67.0,72.0,0.0
20210127,8.670526315789473,0.0,0.0,97.0,70.0,96.0,67.0,71.0,0.0
20210128,6.93894736842105,0.2831578947368421,156.03157894736842,96.0,70.0,95.0,67.0,72.0,0.0
20210129,-0.8421052631578945,0.0431578947368421,32.8421052631579,96.0,73.0,94.0,66.0,71.0,0.0
20210130,7.449473684210528,0.0231578947368421,21.05263157894737,95.0,74.0,93.0,66.0,72.0,0.0
20210131,11.06105263157895,2.063157894736842,0.0,96.0,72.0,95.0,71.0,70.0,0.0
20210201,11.018947368421054,0.1452631578947368,0.0,98.0,70.0,97.0,68.0,70.0,0.0
20210202,4.045263157894738,0.0105263157894736,145.94736842105263,99.0,72.0,97.0,68.0,68.0,0.0
20210203,3.738947368421053,0.4231578947368421,150.61052631578946,99.0,72.0,97.0,68.0,67.0,0.0
20210204,4.6431578947368415,0.0,19.37894736842105,99.0,69.0,97.0,66.0,68.0,0.0
20210205,7.732631578947369,0.0210526315789473,0.0,101.0,71.0,98.0,69.0,66.0,0.0
20210206,11.776842105263157,0.0,0.0,99.0,73.0,95.0,68.0,67.0,0.0
20210207,11.624210526315789,0.3894736842105263,24.78947368421053,101.0,73.0,97.0,70.0,66.0,0.0
20210208,3.42842105263158,0.0568421052631579,15.789473684210524,102.0,70.0,99.0,70.0,69.0,0.0
20210209,6.416842105263157,0.0,8.947368421052632,101.0,73.0,96.0,71.0,67.0,0.0
20210210,9.591578947368426,0.0,0.0,98.0,75.0,94.0,69.0,71.0,0.0
20210211,11.327368421052638,0.0,0.0,97.0,76.0,92.0,67.0,74.0,0.0
20210212,15.039999999999996,0.0,0.0,96.0,75.0,94.0,68.0,73.0,0.0
20210213,16.655789473684216,0.0084210526315789,0.0,97.0,76.0,94.0,69.0,71.0,0.0
20210214,14.561052631578946,0.5821052631578948,0.0,98.0,74.0,94.0,69.0,70.0,0.0
20210215,8.858947368421052,0.0021052631578947,0.0,98.0,77.0,92.0,66.0,73.0,0.0
20210216,3.3568421052631585,0.2431578947368421,212.1684210526316,99.0,77.0,93.0,67.0,72.0,0.0
20210217,-2.79578947368421,0.1305263157894736,161.1157894736842,99.0,76.0,93.0,67.0,72.0,0.0
20210218,0.3136842105263157,0.0305263157894736,57.03157894736842,104.0,73.0,96.0,70.0,66.0,0.0
20210219,10.097894736842102,0.0,0.0,99.0,75.0,93.0,67.0,70.0,0.0
20210220,16.61368421052632,0.0,0.0,98.0,76.0,93.0,66.0,70.0,0.0
20210221,20.90947368421053,0.0,0.0,99.0,75.0,95.0,68.0,68.0,0.0
20210222,17.912631578947362,0.0452631578947368,0.0,96.0,80.0,90.0,63.0,74.0,0.0
20210223,8.46,0.0242105263157894,12.105263157894736,95.0,79.0,91.0,64.0,75.0,0.0
20210224,10.212631578947368,0.0,0.0,95.0,82.0,89.0,62.0,76.0,0.0
20210225,8.528421052631579,0.8852631578947368,0.0,94.0,80.0,89.0,63.0,77.0,0.0
20210226,13.255789473684214,0.051578947368421,0.0,94.0,79.0,89.0,63.0,76.0,0.0
20210227,11.545263157894736,0.0105263157894736,0.0,94.0,80.0,90.0,64.0,76.0,0.0
20210228,12.561052631578946,1.816842105263158,0.0,94.0,81.0,89.0,63.0,77.0,0.0
20210301,13.135789473684206,9.615789473684211,197.33684210526317,96.0,78.0,91.0,65.0,76.0,0.0
20210302,6.4042105263157865,0.0536842105263157,30.70526315789473,92.0,73.0,88.0,62.0,80.0,0.0
20210303,9.610526315789471,0.0147368421052631,0.0105263157894736,92.0,75.0,88.0,62.0,81.0,0.0
20210304,9.379999999999995,1.188421052631579,0.0,94.0,77.0,88.0,62.0,81.0,0.0
20210305,16.77157894736842,0.0305263157894736,0.0,89.0,76.0,83.0,57.0,85.0,0.0
20210306,11.528421052631574,0.0284210526315789,24.78947368421053,91.0,77.0,83.0,58.0,85.0,0.0
20210307,10.424210526315786,0.0,0.5789473684210527,89.0,77.0,84.0,59.0,85.0,0.0
20210308,13.2242105263158,0.0,0.0,87.0,76.0,84.0,58.0,85.0,0.0
20210309,13.733684210526318,0.0,0.0,89.0,76.0,85.0,59.0,84.0,0.0
20210310,15.683157894736846,0.0,0.0,90.0,77.0,85.0,58.0,82.0,0.0
20210311,17.206315789473685,1.576842105263158,0.0,92.0,76.0,86.0,58.0,81.0,0.0
20210312,10.930526315789477,0.9642105263157892,0.0,94.0,78.0,87.0,60.0,77.0,0.0
20210313,14.60210526315789,0.0,0.0,92.0,77.0,89.0,61.0,76.0,0.0
20210314,14.881052631578946,0.0,0.0,97.0,77.0,92.0,62.0,73.0,0.0
20210315,17.175789473684205,0.6073684210526317,0.0,97.0,76.0,92.0,62.0,73.0,0.0
20210316,16.88631578947368,0.0031578947368421,0.0,93.0,79.0,90.0,61.0,75.0,0.0
20210317,16.46842105263157,0.0,0.0,92.0,79.0,89.0,61.0,76.0,0.0
20210318,17.12,0.0,0.0,94.0,78.0,91.0,61.0,74.0,0.0
20210319,17.084210526315793,0.8126315789473683,0.0,94.0,79.0,90.0,60.0,73.0,0.0
20210320,11.32315789473684,0.651578947368421,0.0,97.0,81.0,89.0,60.0,74.0,0.0
20210321,10.753684210526314,0.0126315789473684,0.0,99.0,78.0,93.0,64.0,70.0,0.0
20210322,11.792631578947372,0.0,0.0,97.0,78.0,91.0,61.0,73.0,0.0
20210323,16.773684210526323,0.0,0.0,96.0,79.0,91.0,62.0,73.0,0.0
20210324,17.1178947368421,0.0,0.0,96.0,78.0,92.0,62.0,71.0,0.0
20210325,19.74947368421052,0.0,0.0,92.0,83.0,87.0,58.0,78.0,0.0
20210326,21.285263157894736,0.0,0.0,93.0,85.0,88.0,58.0,77.0,0.0
20210327,16.132631578947368,6.049473684210527,0.0,92.0,82.0,87.0,58.0,79.0,0.0
20210328,15.80315789473684,0.0589473684210526,0.0,93.0,80.0,90.0,59.0,74.0,0.0
20210329,17.347368421052625,0.0,0.0,92.0,84.0,88.0,59.0,75.0,0.0
20210330,19.3042105263158,0.0,0.0,96.0,80.0,93.0,58.0,72.0,0.0
20210331,21.41578947368421,0.0,0.0,96.0,80.0,93.0,59.0,72.0,0.0
20210401,19.79894736842105,0.3884210526315789,0.0,98.0,80.0,93.0,58.0,71.0,0.0
20210402,21.075789473684207,0.3063157894736842,0.0,98.0,81.0,93.0,61.0,71.0,0.0
20210403,17.304210526315796,9.650526315789474,0.0,95.0,79.0,91.0,61.0,73.0,0.0
20210404,13.765263157894733,0.2126315789473684,0.0,97.0,80.0,93.0,62.0,70.0,0.0
20210405,16.73578947368421,0.0,0.0,101.0,80.0,95.0,64.0,69.0,0.0
20210406,19.234736842105264,0.0,0.0,99.0,81.0,93.0,61.0,69.0,0.0
20210407,20.60947368421052,0.0010526315789473,0.0,94.0,83.0,90.0,59.0,74.0,0.0
20210408,18.4421052631579,0.031578947368421,0.0,95.0,85.0,89.0,59.0,74.0,0.0
20210409,16.816842105263163,0.1663157894736842,0.0,93.0,85.0,88.0,59.0,75.0,0.0
20210410,17.634736842105273,0.0,0.0,92.0,85.0,87.0,58.0,77.0,0.0
20210411,20.75263157894737,0.0536842105263157,0.0,95.0,82.0,91.0,61.0,72.0,0.0
20210412,15.988421052631582,6.453684210526316,0.0,99.0,82.0,93.0,62.0,69.0,0.0
20210413,16.57894736842105,0.0789473684210526,0.0,99.0,83.0,94.0,62.0,69.0,0.0
20210414,15.24526315789474,0.0105263157894736,0.0,97.0,83.0,93.0,61.0,70.0,0.0
20210415,17.713684210526324,0.0021052631578947,0.0,97.0,83.0,93.0,62.0,72.0,0.0
20210416,17.50842105263158,0.0210526315789473,0.0,97.0,83.0,93.0,63.0,71.0,0.0
20210417,16.47368421052631,0.171578947368421,0.0,98.0,82.0,91.0,58.0,72.0,0.0
20210418,16.113684210526312,0.0021052631578947,0.0,103.0,79.0,98.0,62.0,67.0,0.0
20210419,21.04,0.0,0.0,99.0,85.0,93.0,60.0,67.0,0.0
20210420,24.0157894736842,0.0,0.0,100.0,84.0,94.0,58.0,65.0,0.0
20210421,24.647368421052622,0.0,0.0,100.0,82.0,95.0,60.0,68.0,0.0
20210422,25.308421052631587,0.0010526315789473,0.0,102.0,82.0,94.0,57.0,69.0,0.0
20210423,21.453684210526315,0.0,0.0,101.0,84.0,93.0,57.0,69.0,0.0
20210424,22.503157894736844,0.0010526315789473,0.0,100.0,84.0,91.0,58.0,72.0,0.0
20210425,21.398947368421048,0.0,0.0,99.0,83.0,93.0,59.0,69.0,0.0
20210426,20.223157894736843,0.0,0.0,101.0,87.0,91.0,56.0,71.0,0.0
20210427,20.03473684210526,0.2589473684210526,0.0,104.0,84.0,95.0,61.0,67.0,0.0
20210428,21.32526315789474,0.0,0.0,104.0,83.0,96.0,62.0,68.0,0.0
20210429,20.43052631578948,2.8947368421052624,0.0,105.0,83.0,96.0,62.0,67.0,0.0
20210430,17.734736842105264,1.7126315789473685,0.0,104.0,83.0,96.0,62.0,68.0,0.0
20210501,13.68315789473684,0.9168421052631578,0.0,105.0,83.0,96.0,63.0,66.0,0.0
20210502,18.01789473684211,0.0368421052631578,0.0,105.0,82.0,96.0,61.0,65.0,0.0
20210503,21.338947368421053,0.0589473684210526,0.0,99.0,87.0,92.0,59.0,72.0,0.0
20210504,19.609473684210524,4.24,0.0,99.0,84.0,93.0,61.0,72.0,0.0
20210505,20.60631578947369,0.0,0.0,99.0,82.0,92.0,60.0,71.0,0.0
20210506,22.49052631578947,0.0,0.0,102.0,84.0,93.0,59.0,69.0,0.0
20210507,21.431578947368426,0.5273684210526317,0.0,106.0,84.0,94.0,59.0,68.0,0.0
20210508,22.577894736842108,0.0,0.0,101.0,86.0,90.0,58.0,71.0,0.0
20210509,22.872631578947363,0.2831578947368421,0.0,101.0,86.0,90.0,58.0,74.0,0.0
20210510,17.318947368421053,1.5526315789473684,0.0,95.0,78.0,85.0,54.0,79.0,0.0
20210511,21.16947368421053,0.3442105263157895,0.0,96.0,80.0,85.0,55.0,78.0,0.0
20210512,24.83789473684211,0.0,0.0,97.0,80.0,85.0,56.0,77.0,0.0
20210513,27.05157894736843,0.0,0.0,96.0,80.0,85.0,55.0,78.0,0.0
20210514,27.42842105263157,1.0242105263157897,0.0,96.0,80.0,84.0,55.0,78.0,0.0
20210515,23.309473684210523,5.105263157894737,0.0,99.0,77.0,87.0,56.0,75.0,0.0
20210516,20.43684210526316,5.702105263157893,0.0,101.0,75.0,91.0,61.0,71.0,0.0
20210517,17.738297872340425,0.5287234042553192,0.0,100.0,78.0,89.0,58.0,74.0,0.0
20210518,22.471578947368425,0.0084210526315789,0.0,99.0,82.0,87.0,55.0,75.0,0.0
20210519,26.818947368421068,0.8063157894736841,0.0,100.0,79.0,88.0,57.0,74.0,0.0
20210520,19.36526315789473,2.324210526315789,0.0,104.0,74.0,93.0,55.0,71.0,0.0
20210521,18.96631578947369,0.24,0.0,107.0,74.0,95.0,57.0,70.0,0.0
20210522,25.374736842105253,0.0,0.0,101.0,77.0,89.0,54.0,76.0,0.0
20210523,27.08736842105264,0.0978947368421052,0.0,100.0,76.0,90.0,55.0,75.0,0.0
20210524,24.53684210526316,0.7105263157894737,0.0,99.0,78.0,88.0,53.0,77.0,0.0
20210525,21.473684210526315,0.1663157894736842,0.0,100.0,78.0,90.0,56.0,75.0,0.0
20210526,22.94631578947369,1.1557894736842105,0.0,102.0,75.0,92.0,59.0,72.0,1.0
20210527,21.129473684210527,1.4042105263157891,0.0,102.0,77.0,91.0,58.0,72.0,1.0
20210528,22.17263157894737,2.0410526315789475,0.0,98.0,80.0,87.0,55.0,76.0,1.0
20210529,23.207368421052625,0.0684210526315789,0.0,97.0,79.0,86.0,53.0,77.0,1.0
20210530,25.976842105263163,1.7378947368421056,0.0,97.0,81.0,86.0,53.0,78.0,1.0
20210531,23.78421052631579,0.1568421052631579,0.0,95.0,87.0,84.0,51.0,75.0,1.0
20210601,26.232631578947363,0.0052631578947368,0.0,93.0,86.0,82.0,50.0,77.0,1.0
20210602,27.98210526315789,0.6031578947368421,0.0,96.0,85.0,84.0,52.0,74.0,1.0
20210603,21.12736842105263,4.436842105263158,0.0,99.0,84.0,88.0,54.0,71.0,1.0
20210604,24.655789473684223,0.0,0.0,98.0,86.0,86.0,53.0,72.0,1.0
20210605,26.20631578947367,0.0,0.0,98.0,87.0,85.0,53.0,72.0,1.0
20210606,25.81684210526315,0.0010526315789473,0.0,97.0,86.0,85.0,54.0,72.0,1.0
20210607,27.595789473684203,0.0073684210526315,0.0,96.0,92.0,83.0,51.0,73.0,1.0
20210608,28.82000000000001,0.02,0.0,96.0,90.0,83.0,51.0,73.0,1.0
20210609,30.063157894736857,0.0010526315789473,0.0,94.0,90.0,82.0,52.0,74.0,1.0
20210610,27.571578947368423,5.21157894736842,0.0,96.0,87.0,84.0,51.0,74.0,1.0
20210611,25.69368421052631,1.9652631578947368,0.0,96.0,91.0,82.0,50.0,73.0,1.0
20210612,27.964210526315803,0.3347368421052632,0.0,93.0,92.0,79.0,49.0,77.0,1.0
20210613,28.326315789473675,0.0136842105263157,0.0,93.0,92.0,80.0,52.0,75.0,1.0
20210614,27.091578947368426,0.1789473684210526,0.0,94.0,89.0,82.0,51.0,77.0,1.0
20210615,22.98105263157895,2.696842105263158,0.0,96.0,89.0,83.0,51.0,75.0,1.0
20210616,24.9842105263158,0.0126315789473684,0.0,93.0,90.0,80.0,49.0,78.0,1.0
20210617,23.80947368421052,0.7210526315789472,0.0,93.0,89.0,81.0,50.0,79.0,1.0
20210618,24.02,0.1547368421052631,0.0,91.0,94.0,79.0,48.0,81.0,1.0
20210619,27.805263157894736,0.0010526315789473,0.0,91.0,96.0,79.0,48.0,81.0,1.0
20210620,29.29684210526316,0.0063157894736842,0.0,91.0,95.0,79.0,48.0,81.0,1.0
20210621,28.74842105263157,0.1052631578947368,0.0,92.0,95.0,81.0,50.0,79.0,1.0
20210622,26.02,0.8389473684210526,0.0,93.0,91.0,83.0,51.0,76.0,1.0
20210623,23.251578947368422,0.4526315789473685,0.0,95.0,91.0,85.0,51.0,75.0,1.0
20210624,25.34842105263157,0.0,0.0,94.0,93.0,82.0,51.0,77.0,1.0
20210625,26.89578947368421,0.8084210526315789,0.0,96.0,93.0,83.0,51.0,75.0,1.0
20210626,25.257894736842108,0.7726315789473682,0.0,95.0,92.0,82.0,51.0,76.0,1.0
20210627,27.092631578947355,0.4694736842105264,0.0,96.0,91.0,83.0,52.0,76.0,1.0
20210628,26.55578947368421,0.851578947368421,0.0,92.0,92.0,79.0,48.0,81.0,1.0
20210629,26.763157894736853,0.5610526315789474,0.0,94.0,88.0,80.0,50.0,80.0,1.0
20210630,26.70000000000001,0.3347368421052632,0.0,94.0,90.0,80.0,49.0,80.0,1.0
20210701,30.234736842105256,0.2357894736842105,0.0,95.0,89.0,81.0,50.0,79.0,1.0
20210702,29.191578947368413,0.6031578947368421,0.0,95.0,89.0,81.0,50.0,79.0,1.0
20210703,25.07894736842106,12.765263157894738,0.0,98.0,84.0,85.0,53.0,75.0,1.0
20210704,26.33368421052632,1.8905263157894736,0.0,93.0,86.0,82.0,52.0,79.0,1.0
20210705,25.53052631578947,7.037894736842105,0.0,92.0,88.0,80.0,50.0,76.0,1.0
20210706,26.446315789473683,5.111578947368421,0.0,93.0,88.0,81.0,51.0,77.0,1.0
20210707,27.36,5.614736842105263,0.0,94.0,87.0,82.0,51.0,78.0,1.0
20210708,28.64210526315789,2.235789473684211,0.0,94.0,88.0,82.0,50.0,78.0,1.0
20210709,28.817894736842103,0.4442105263157895,0.0,93.0,89.0,81.0,50.0,80.0,0.0
20210710,29.578947368421048,0.6252631578947367,0.0,93.0,89.0,80.0,49.0,80.0,0.0
20210711,30.06315789473684,0.06,0.0,95.0,88.0,81.0,50.0,79.0,0.0
20210712,31.902105263157893,0.0,0.0,95.0,87.0,82.0,51.0,79.0,0.0
20210713,31.98,0.0063157894736842,0.0,94.0,90.0,79.0,50.0,79.0,1.0
20210714,31.90947368421053,0.0,0.0,94.0,90.0,80.0,51.0,80.0,0.0
20210715,32.34421052631579,0.4831578947368422,0.0,95.0,90.0,80.0,51.0,79.0,0.0
20210716,30.73157894736844,1.1431578947368422,0.0,96.0,89.0,81.0,50.0,79.0,0.0
20210717,30.30210526315789,1.0378947368421054,0.0,97.0,88.0,82.0,51.0,77.0,0.0
20210718,31.09473684210526,0.8842105263157894,0.0,99.0,87.0,84.0,52.0,76.0,0.0
20210719,30.88105263157895,1.2115789473684209,0.0,99.0,88.0,84.0,51.0,75.0,0.0
20210720,31.552631578947377,0.0,0.0,99.0,88.0,84.0,52.0,76.0,0.0
20210721,32.98105263157895,0.0,0.0,101.0,86.0,86.0,52.0,74.0,0.0
20210722,32.678947368421056,0.0,0.0,99.0,88.0,83.0,52.0,76.0,0.0
20210723,32.80526315789474,0.0,0.0,98.0,88.0,83.0,52.0,76.0,0.0
20210724,32.982105263157905,0.0031578947368421,0.0,99.0,87.0,83.0,50.0,76.0,0.0
20210725,32.39894736842104,0.1673684210526316,0.0,99.0,87.0,84.0,51.0,75.0,0.0
20210726,32.51368421052633,0.0031578947368421,0.0,92.0,90.0,78.0,53.0,72.0,0.0
20210727,33.274736842105256,0.0231578947368421,0.0,91.0,89.0,78.0,52.0,74.0,0.0
20210728,33.14000000000001,0.14,0.0,90.0,90.0,80.0,52.0,74.0,0.0
20210729,32.95473684210527,0.1073684210526315,0.0,92.0,91.0,80.0,50.0,74.0,0.0
20210730,33.28421052631578,1.0368421052631578,0.0,93.0,90.0,81.0,52.0,73.0,0.0
20210731,33.39473684210526,1.641052631578947,0.0,94.0,89.0,82.0,53.0,72.0,0.0
20210801,31.953684210526298,3.167368421052631,0.0,96.0,87.0,84.0,52.0,70.0,0.0
20210802,30.497894736842117,2.1294736842105264,0.0,95.0,89.0,83.0,52.0,71.0,0.0
20210803,31.59263157894736,0.0810526315789473,0.0,96.0,88.0,84.0,52.0,71.0,0.0
20210804,33.148421052631576,0.0284210526315789,0.0,95.0,88.0,83.0,51.0,72.0,0.0
20210805,33.91157894736843,0.0084210526315789,0.0,96.0,88.0,84.0,51.0,71.0,0.0
20210806,33.882105263157904,0.3589473684210526,0.0,96.0,87.0,83.0,49.0,72.0,0.0
20210807,33.10631578947369,1.7578947368421052,0.0,97.0,89.0,83.0,49.0,72.0,0.0
20210808,29.414736842105263,3.7568421052631575,0.0,98.0,88.0,85.0,50.0,70.0,0.0
20210809,31.35578947368421,0.6778947368421053,0.0,99.0,89.0,86.0,50.0,69.0,0.0
20210810,29.930526315789475,1.2747368421052632,0.0,96.0,90.0,83.0,48.0,72.0,0.0
20210811,30.75684210526317,0.2810526315789474,0.0,98.0,90.0,85.0,50.0,70.0,0.0
20210812,30.262105263157896,1.2589473684210526,0.0,98.0,90.0,85.0,51.0,70.0,0.0
20210813,28.552631578947373,1.623157894736842,0.0,101.0,90.0,87.0,51.0,69.0,0.0
20210814,27.095789473684203,1.3242105263157895,0.0,101.0,90.0,87.0,50.0,69.0,0.0
20210815,28.98947368421053,0.1757894736842105,0.0,99.0,90.0,85.0,48.0,70.0,0.0
20210816,28.82631578947369,0.6599999999999999,0.0,95.0,95.0,82.0,47.0,75.0,0.0
20210817,28.24631578947368,3.2315789473684218,0.0,99.0,91.0,86.0,49.0,70.0,0.0
20210818,27.96315789473684,0.8189473684210528,0.0,100.0,91.0,86.0,51.0,70.0,0.0
20210819,28.36947368421051,1.6421052631578943,0.0,101.0,90.0,87.0,52.0,69.0,0.0
20210820,29.626315789473683,1.786315789473684,0.0,104.0,88.0,89.0,50.0,67.0,0.0
20210821,26.002105263157897,7.556842105263156,0.0,105.0,88.0,89.0,50.0,65.0,0.0
20210822,28.75894736842105,1.5073684210526317,0.0,105.0,86.0,91.0,52.0,66.0,0.0
20210823,25.14210526315789,11.426315789473682,0.0,104.0,87.0,90.0,52.0,67.0,0.0
20210824,27.27684210526316,3.2926315789473684,0.0,103.0,86.0,89.0,51.0,69.0,0.0
20210825,26.37052631578948,3.4273684210526314,0.0,104.0,86.0,90.0,52.0,68.0,0.0
20210826,29.7357894736842,0.4705263157894738,0.0,105.0,85.0,91.0,53.0,67.0,0.0
20210827,26.791578947368425,1.5315789473684216,0.0,104.0,87.0,89.0,49.0,68.0,0.0
20210828,28.95894736842105,1.6852631578947368,0.0,105.0,86.0,89.0,50.0,68.0,0.0
20210829,27.258947368421047,0.2063157894736842,0.0,106.0,83.0,93.0,53.0,66.0,0.0
20210830,28.25638297872341,0.151063829787234,0.0,105.0,82.0,94.0,54.0,66.0,0.0
20210831,27.38736842105264,10.751578947368422,0.0,107.0,80.0,96.0,54.0,65.0,0.0
20210901,25.43052631578947,2.1347368421052626,0.0,108.0,79.0,97.0,56.0,64.0,0.0
20210902,24.88631578947368,1.9863157894736845,0.0,107.0,81.0,95.0,56.0,65.0,0.0
20210903,25.976842105263163,0.3221052631578947,0.0,107.0,81.0,94.0,55.0,65.0,0.0
20210904,26.7136842105263,0.0,0.0,107.0,82.0,93.0,55.0,65.0,0.0
20210905,24.89052631578948,0.631578947368421,0.0,108.0,80.0,95.0,57.0,63.0,0.0
20210906,24.38526315789474,3.676842105263159,0.0,107.0,80.0,95.0,57.0,65.0,0.0
20210907,24.02631578947368,1.5484210526315796,0.0,107.0,81.0,94.0,55.0,65.0,0.0
20210908,26.93052631578947,0.0136842105263157,0.0,106.0,81.0,94.0,55.0,66.0,0.0
20210909,27.93263157894737,0.1842105263157894,0.0,106.0,80.0,94.0,51.0,67.0,0.0
20210910,26.241052631578945,0.1073684210526315,0.0,107.0,78.0,96.0,55.0,66.0,0.0
20210911,29.07999999999999,0.0,0.0,108.0,79.0,97.0,56.0,65.0,0.0
20210912,28.936842105263167,0.0757894736842105,0.0,109.0,78.0,98.0,55.0,64.0,0.0
20210913,26.84947368421053,3.321052631578948,0.0,110.0,77.0,99.0,57.0,63.0,0.0
20210914,25.21894736842106,1.9484210526315795,0.0,108.0,77.0,97.0,58.0,64.0,0.0
20210915,27.01368421052631,0.1052631578947368,0.0,107.0,79.0,95.0,56.0,65.0,0.0
20210916,25.596842105263143,5.552631578947367,0.0,108.0,78.0,97.0,59.0,64.0,0.0
20210917,23.97368421052632,1.1421052631578947,0.0,103.0,76.0,92.0,54.0,69.0,0.0
20210918,27.07368421052631,0.0,0.0,103.0,77.0,92.0,54.0,69.0,0.0
20210919,26.86631578947368,0.0,0.0,103.0,78.0,93.0,54.0,68.0,0.0
20210920,26.912631578947373,4.891578947368422,0.0,105.0,78.0,95.0,55.0,66.0,0.0
20210921,25.85894736842105,2.152631578947368,0.0,105.0,78.0,95.0,56.0,66.0,0.0
20210922,26.854736842105265,0.2421052631578948,0.0,102.0,79.0,94.0,57.0,67.0,0.0
20210923,25.6463157894737,0.0136842105263157,0.0,102.0,78.0,94.0,57.0,67.0,0.0
20210924,25.810526315789478,0.1778947368421052,0.0,102.0,79.0,93.0,55.0,67.0,0.0
20210925,24.2442105263158,0.08,0.0,102.0,79.0,93.0,54.0,67.0,0.0
20210926,25.34000000000001,0.0010526315789473,0.0,105.0,78.0,95.0,54.0,65.0,0.0
20210927,25.307368421052622,0.0284210526315789,0.0,104.0,79.0,94.0,53.0,67.0,0.0
20210928,24.56526315789473,0.92,0.0,103.0,79.0,93.0,53.0,66.0,0.0
20210929,24.688421052631565,4.974736842105264,0.0,104.0,76.0,96.0,56.0,65.0,1.0
20210930,26.413684210526323,0.0221052631578947,0.0,103.0,79.0,94.0,55.0,66.0,0.0
20211001,27.093684210526323,0.5073684210526316,0.0,102.0,80.0,92.0,52.0,68.0,0.0
20211002,26.99894736842105,0.0,0.0,101.0,81.0,91.0,52.0,68.0,0.0
20211003,28.748421052631578,0.0,0.0,104.0,79.0,94.0,53.0,66.0,0.0
20211004,27.921052631578952,1.4410526315789474,0.0,104.0,79.0,94.0,54.0,66.0,0.0
20211005,28.19368421052632,0.953684210526316,0.0,100.0,84.0,90.0,52.0,71.0,0.0
20211006,24.965263157894743,1.2378947368421052,0.0,103.0,81.0,93.0,54.0,67.0,0.0
20211007,25.05157894736841,0.2063157894736841,0.0,103.0,81.0,93.0,53.0,68.0,0.0
20211008,23.142105263157905,0.6094736842105264,0.0,104.0,80.0,95.0,56.0,66.0,0.0
20211009,26.52842105263159,0.4452631578947368,0.0,103.0,81.0,94.0,53.0,66.0,0.0
20211010,27.903157894736825,2.3063157894736843,0.0,106.0,79.0,98.0,55.0,64.0,0.0
20211011,20.82421052631578,1.1673684210526316,0.0,107.0,77.0,99.0,55.0,63.0,0.0
20211012,18.731578947368416,0.1926315789473684,0.0,106.0,77.0,99.0,56.0,64.0,0.0
20211013,22.99368421052632,0.0242105263157894,0.0,104.0,80.0,95.0,54.0,65.0,0.0
20211014,25.11052631578948,0.0863157894736842,0.0,103.0,79.0,95.0,54.0,66.0,0.0
20211015,22.44421052631579,1.9789473684210528,0.0,105.0,78.0,97.0,54.0,65.0,0.0
20211016,17.373684210526314,0.7557894736842105,0.0,103.0,79.0,94.0,52.0,67.0,0.0
20211017,12.776842105263158,0.0073684210526315,0.0,107.0,77.0,99.0,56.0,63.0,0.0
20211018,16.837894736842106,0.8389473684210526,0.0,108.0,78.0,99.0,56.0,63.0,0.0
20211019,17.068421052631578,0.3884210526315789,0.0,106.0,79.0,97.0,55.0,65.0,0.0
20211020,15.6621052631579,0.0231578947368421,0.0,104.0,80.0,95.0,55.0,66.0,0.0
20211021,16.273684210526312,0.3073684210526316,0.0,105.0,80.0,96.0,56.0,65.0,0.0
20211022,16.77368421052632,0.36,0.0,99.0,86.0,90.0,53.0,72.0,0.0
20211023,18.66842105263157,0.0,0.0,99.0,84.0,91.0,53.0,72.0,0.0
20211024,18.79894736842105,0.0,0.0,99.0,84.0,91.0,55.0,72.0,0.0
20211025,18.88631578947368,0.0,0.0,98.0,83.0,91.0,54.0,73.0,0.0
20211026,19.328421052631573,0.1199999999999999,0.0,96.0,82.0,92.0,56.0,72.0,0.0
20211027,19.83578947368422,0.0,0.0,95.0,85.0,91.0,56.0,73.0,0.0
20211028,19.888421052631585,0.0,0.0,97.0,84.0,92.0,57.0,71.0,0.0
20211029,19.54105263157895,0.0,0.0,97.0,84.0,92.0,55.0,71.0,0.0
20211030,18.12210526315789,0.0021052631578947,0.0,98.0,84.0,93.0,57.0,70.0,0.0
20211031,20.391578947368423,0.0073684210526315,0.0,98.0,83.0,93.0,58.0,70.0,0.0
20211101,19.27578947368421,0.0052631578947368,0.0,96.0,84.0,91.0,57.0,72.0,0.0
20211102,17.271578947368422,0.1094736842105263,0.0,99.0,83.0,94.0,59.0,69.0,0.0
20211103,17.984210526315795,0.1557894736842105,0.0,99.0,82.0,94.0,59.0,69.0,0.0
20211104,19.12947368421053,0.0568421052631578,0.0,101.0,81.0,96.0,61.0,67.0,0.0
20211105,19.29157894736841,0.0,0.0,97.0,81.0,92.0,58.0,71.0,0.0
20211106,20.42631578947368,0.0052631578947368,0.0,97.0,79.0,92.0,58.0,71.0,0.0
20211107,20.846315789473685,2.1210526315789475,0.0,99.0,77.0,94.0,59.0,69.0,0.0
20211108,17.163157894736845,2.9284210526315784,0.0,103.0,75.0,98.0,63.0,66.0,0.0
20211109,10.74421052631579,0.973684210526316,0.0,101.0,77.0,96.0,63.0,68.0,0.0
20211110,9.707368421052632,0.3010526315789473,0.0,100.0,77.0,95.0,62.0,69.0,0.0
20211111,11.468421052631571,0.3410526315789473,0.0,97.0,77.0,94.0,62.0,70.0,0.0
20211112,10.246315789473686,0.0305263157894736,0.0,97.0,79.0,93.0,58.0,70.0,0.0
20211113,14.56,0.0,0.0,95.0,80.0,90.0,57.0,71.0,0.0
20211114,16.943157894736842,0.0,0.0,97.0,78.0,92.0,59.0,70.0,0.0
20211115,16.390526315789476,0.0,0.0,97.0,80.0,92.0,60.0,70.0,0.0
20211116,15.642105263157896,0.0,0.0,95.0,81.0,90.0,59.0,72.0,0.0
20211117,14.690526315789477,0.0084210526315789,0.0,97.0,80.0,91.0,60.0,70.0,0.0
20211118,16.717894736842098,0.0,0.0,96.0,80.0,91.0,59.0,70.0,0.0
20211119,17.877659574468087,0.0351063829787234,0.0,96.0,81.0,90.0,57.0,71.0,0.0
20211120,16.908421052631574,0.1084210526315789,0.0,92.0,78.0,86.0,54.0,75.0,0.0
20211121,15.898947368421052,0.7831578947368423,0.0,94.0,78.0,88.0,56.0,73.0,0.0
20211122,12.230526315789476,0.2326315789473685,0.0,94.0,78.0,88.0,57.0,72.0,0.0
20211123,5.961052631578947,0.1031578947368421,1.631578947368421,92.0,78.0,86.0,56.0,73.0,1.0
20211124,11.228421052631584,0.0157894736842105,0.0,97.0,79.0,88.0,57.0,69.0,1.0
20211125,14.00842105263158,0.0,0.0,99.0,77.0,90.0,60.0,68.0,1.0
20211126,11.054736842105264,0.0,0.0,95.0,78.0,88.0,58.0,70.0,0.0
20211127,10.90631578947368,0.0,0.0,90.0,77.0,82.0,55.0,75.0,1.0
20211128,13.643157894736838,0.0,0.0,93.0,74.0,86.0,56.0,73.0,1.0
20211129,14.91263157894737,2.847368421052632,0.0,92.0,75.0,85.0,56.0,74.0,1.0
20211130,11.574736842105269,2.190526315789473,0.0,92.0,75.0,84.0,56.0,75.0,1.0
20211201,4.247368421052631,0.0389473684210526,32.526315789473685,95.0,76.0,85.0,54.0,73.0,1.0
20211202,7.427368421052628,0.1557894736842105,0.0,95.0,76.0,85.0,55.0,73.0,1.0
20211203,8.857894736842109,0.0031578947368421,0.0,92.0,78.0,82.0,54.0,75.0,1.0
20211204,8.33578947368421,0.0189473684210526,7.947368421052633,85.0,75.0,75.0,48.0,83.0,1.0
20211205,10.45368421052632,0.0084210526315789,0.0,86.0,73.0,77.0,50.0,81.0,1.0
20211206,13.081052631578943,0.0010526315789473,0.0,86.0,75.0,76.0,50.0,82.0,1.0
20211207,12.814736842105262,0.1052631578947368,0.0,84.0,75.0,75.0,48.0,83.0,1.0
20211208,12.813684210526311,0.0,0.0,86.0,75.0,76.0,49.0,81.0,1.0
20211209,11.95157894736842,0.0442105263157894,0.0,87.0,74.0,78.0,51.0,80.0,1.0
20211210,12.7821052631579,0.0757894736842105,0.0,86.0,77.0,76.0,49.0,80.0,1.0
20211211,12.173684210526318,0.0,0.0,87.0,76.0,76.0,49.0,80.0,2.0
20211212,9.63894736842105,0.0,0.0,87.0,74.0,77.0,50.0,80.0,2.0
20211213,4.616842105263158,0.0,0.0,88.0,72.0,80.0,50.0,79.0,1.0
20211214,8.374736842105264,0.2610526315789473,0.0,86.0,71.0,78.0,50.0,81.0,1.0
20211215,12.510526315789471,0.3873684210526315,0.0,86.0,72.0,77.0,50.0,81.0,1.0
20211216,10.396842105263158,0.1547368421052631,0.0,88.0,72.0,79.0,51.0,79.0,1.0
20211217,6.72,0.24,156.16842105263157,88.0,71.0,78.0,52.0,79.0,2.0
20211218,1.9399999999999995,0.3094736842105263,192.84210526315792,89.0,70.0,79.0,52.0,76.0,3.0
20211219,5.705263157894738,0.0,24.11578947368421,91.0,69.0,82.0,54.0,74.0,3.0
20211220,11.408421052631574,0.0,0.0,90.0,69.0,83.0,52.0,75.0,3.0
20211221,13.05368421052632,0.0789473684210526,0.0,92.0,70.0,82.0,51.0,74.0,3.0
20211222,10.737894736842104,0.0789473684210526,0.0,92.0,72.0,82.0,53.0,73.0,3.0
20211223,10.32,0.02,0.0,93.0,72.0,81.0,50.0,72.0,4.0
20211224,8.384210526315785,0.6821052631578949,25.26315789473684,95.0,80.0,70.0,44.0,67.0,10.0
20211225,-0.2821052631578949,0.4515789473684211,115.4105263157895,94.0,81.0,72.0,46.0,67.0,8.0
20211226,-3.486315789473684,0.1947368421052631,128.8842105263158,94.0,72.0,85.0,53.0,70.0,3.0
20211227,0.946315789473684,0.0473684210526315,60.73684210526316,92.0,71.0,85.0,54.0,71.0,2.0
20211228,5.362105263157893,0.0263157894736842,4.789473684210527,93.0,73.0,84.0,52.0,70.0,2.0
20211229,7.966315789473686,0.1663157894736842,21.0,97.0,73.0,87.0,56.0,69.0,2.0
20211230,3.2231578947368416,0.2442105263157895,115.4421052631579,96.0,72.0,87.0,57.0,71.0,2.0
20211231,0.6063157894736845,0.0389473684210526,17.810526315789474,95.0,74.0,85.0,55.0,73.0,2.0
20220101,3.818947368421052,0.0136842105263157,0.0,94.0,72.0,86.0,56.0,73.0,2.0
20220102,6.604210526315787,0.0,29.26315789473684,96.0,71.0,87.0,57.0,72.0,2.0
20220103,5.294736842105261,0.0021052631578947,0.0,95.0,73.0,86.0,56.0,73.0,2.0
20220104,5.540000000000003,0.0473684210526315,16.105263157894736,96.0,73.0,87.0,56.0,72.0,2.0
20220105,4.293684210526316,0.4526315789473685,16.368421052631582,95.0,74.0,86.0,56.0,72.0,2.0
20220106,6.495789473684213,0.0073684210526315,19.42105263157895,94.0,75.0,85.0,56.0,73.0,2.0
20220107,6.963157894736844,0.0,0.0,96.0,74.0,87.0,57.0,71.0,2.0
20220108,7.091578947368423,0.0,0.0,94.0,76.0,84.0,54.0,73.0,2.0
20220109,7.407368421052633,0.0326315789473684,0.0,96.0,73.0,88.0,57.0,70.0,2.0
20220110,7.879999999999999,0.1736842105263158,99.17894736842103,96.0,74.0,88.0,56.0,70.0,2.0
20220111,2.394736842105264,0.0821052631578947,69.66315789473684,99.0,73.0,90.0,56.0,68.0,2.0
20220112,0.6936842105263159,0.0926315789473684,49.47368421052632,98.0,73.0,89.0,56.0,69.0,2.0
20220113,-0.1221052631578946,0.0557894736842105,92.97894736842105,96.0,73.0,88.0,55.0,70.0,2.0
20220114,2.9694736842105263,0.0021052631578947,11.105263157894736,94.0,75.0,85.0,51.0,72.0,2.0
20220115,6.681052631578949,0.0126315789473684,0.0,94.0,75.0,86.0,54.0,71.0,2.0
20220116,5.3978947368421055,0.0,0.0,97.0,72.0,89.0,56.0,69.0,2.0
20220117,2.733684210526316,0.0557894736842105,181.66315789473688,97.0,74.0,88.0,55.0,70.0,2.0
20220118,2.106315789473684,0.011578947368421,15.31578947368421,97.0,75.0,88.0,53.0,70.0,2.0
20220119,3.992631578947369,0.2410526315789473,196.2842105263158,97.0,74.0,88.0,55.0,70.0,2.0
20220120,3.2178947368421054,0.0273684210526315,30.47368421052632,99.0,73.0,91.0,56.0,68.0,1.0
20220121,6.139999999999998,0.0031578947368421,6.894736842105262,96.0,75.0,88.0,55.0,70.0,1.0
20220122,8.68631578947368,0.1547368421052631,0.0,96.0,75.0,88.0,55.0,71.0,1.0
20220123,9.829473684210528,0.0589473684210526,25.26315789473684,97.0,76.0,87.0,54.0,69.0,1.0
20220124,7.828421052631576,0.0189473684210526,1.0526315789473684,98.0,74.0,89.0,55.0,69.0,1.0
20220125,5.937894736842106,0.0926315789473684,0.0,98.0,73.0,89.0,57.0,70.0,1.0
20220126,7.341666666666669,0.0,0.0,98.0,73.0,89.0,56.0,70.0,1.0
20220127,6.951041666666665,0.0447916666666666,0.0,99.0,73.0,90.0,57.0,69.0,1.0
20220128,5.189583333333334,0.0104166666666666,10.520833333333334,97.0,77.0,87.0,55.0,71.0,1.0
20220129,4.21875,0.0,0.0,93.0,78.0,84.0,55.0,74.0,1.0
20220130,4.938541666666667,0.0104166666666666,0.0,93.0,77.0,84.0,55.0,75.0,1.0
20220131,6.4281250000000005,0.2145833333333333,195.3958333333333,94.0,76.0,85.0,56.0,74.0,1.0
20220201,3.556842105263157,0.0778947368421052,76.05263157894737,92.0,77.0,83.0,54.0,76.0,1.0
20220202,3.7400000000000007,0.0010526315789473,0.0,93.0,76.0,85.0,55.0,74.0,1.0
20220203,4.1536842105263165,0.0031578947368421,7.947368421052633,95.0,77.0,87.0,56.0,72.0,1.0
20220204,2.95,0.0333333333333333,118.82291666666669,94.0,77.0,86.0,57.0,72.0,1.0
20220205,0.1916666666666667,0.0385416666666666,54.45833333333334,95.0,77.0,87.0,58.0,72.0,1.0
20220206,3.255208333333336,0.0125,18.822916666666668,96.0,76.0,88.0,59.0,72.0,1.0
20220207,2.927083333333334,0.040625,6.822916666666668,99.0,76.0,90.0,61.0,70.0,1.0
20220208,6.486458333333334,0.0,0.0,100.0,76.0,90.0,61.0,70.0,1.0
20220209,8.296874999999998,0.209375,0.0,99.0,76.0,90.0,61.0,70.0,1.0
20220210,8.838541666666668,0.0354166666666666,0.0,100.0,76.0,91.0,61.0,69.0,1.0
20220211,10.288541666666664,0.0,0.0,101.0,75.0,91.0,61.0,68.0,1.0
20220212,11.560416666666669,0.00625,0.0,101.0,75.0,92.0,62.0,68.0,1.0
20220213,10.85,0.125,0.0,102.0,74.0,93.0,63.0,66.0,1.0
20220214,10.93125,0.2510416666666666,0.0,94.0,80.0,86.0,57.0,78.0,1.0
20220215,2.59375,0.0249999999999999,9.895833333333334,95.0,81.0,87.0,60.0,77.0,1.0
20220216,-0.8062500000000004,0.0614583333333333,70.94791666666667,98.0,82.0,88.0,60.0,74.0,1.0
20220217,0.340625,0.0291666666666666,21.75,97.0,82.0,88.0,60.0,73.0,1.0
20220218,7.008333333333333,0.2010416666666666,0.0,98.0,81.0,89.0,59.0,72.0,1.0
20220219,5.5343750000000025,0.0385416666666666,18.02083333333333,98.0,81.0,89.0,60.0,71.0,1.0
20220220,1.0354166666666669,0.0843749999999999,39.46875,101.0,80.0,91.0,60.0,68.0,1.0
20220221,5.415624999999999,0.040625,8.385416666666666,101.0,79.0,92.0,62.0,69.0,1.0
20220222,2.8312500000000003,0.0802083333333333,47.80208333333334,100.0,79.0,92.0,61.0,69.0,1.0
20220223,1.773958333333333,0.0052083333333333,5.3125,100.0,80.0,91.0,60.0,68.0,1.0
20220224,5.459375000000001,0.0,3.28125,101.0,81.0,90.0,61.0,68.0,1.0
20220225,10.108333333333336,0.0,0.0,100.0,79.0,91.0,61.0,68.0,1.0
20220226,12.114583333333336,0.2666666666666666,0.0,102.0,79.0,92.0,62.0,66.0,1.0
20220227,10.941666666666665,0.0,0.0,103.0,78.0,94.0,63.0,66.0,1.0
20220228,13.43541666666667,0.4291666666666667,0.0,103.0,77.0,94.0,62.0,66.0,1.0
20220301,12.567708333333336,0.025,0.0,103.0,77.0,95.0,63.0,65.0,1.0
20220302,10.24479166666666,0.0,0.0,103.0,77.0,95.0,61.0,65.0,1.0
20220303,12.82395833333333,0.0,0.0,102.0,78.0,94.0,61.0,65.0,1.0
20220304,15.594791666666673,0.009375,0.0,101.0,77.0,94.0,63.0,65.0,1.0
20220305,9.591666666666663,0.0,0.0,101.0,78.0,93.0,62.0,66.0,1.0
20220306,8.309374999999998,0.0,0.0,104.0,75.0,97.0,60.0,62.0,1.0
20220307,10.610416666666664,0.0072916666666666,0.0,103.0,74.0,98.0,64.0,63.0,1.0
20220308,13.570833333333333,0.0,0.0,102.0,77.0,94.0,59.0,65.0,1.0
20220309,15.453125000000002,0.0,0.0,105.0,78.0,94.0,59.0,63.0,1.0
20220310,16.97708333333333,0.0,0.0,104.0,78.0,94.0,59.0,64.0,1.0
20220311,18.434375000000006,0.0,0.0,105.0,79.0,95.0,59.0,63.0,1.0
20220312,19.858333333333345,3.0791666666666675,0.0,103.0,78.0,94.0,59.0,64.0,1.0
20220313,15.753124999999995,1.540625,0.0,106.0,75.0,97.0,60.0,62.0,1.0
20220314,13.391666666666673,0.8249999999999997,0.0,105.0,74.0,98.0,60.0,62.0,1.0
20220315,15.80625,0.0,0.0,103.0,77.0,95.0,58.0,62.0,1.0
20220316,19.238541666666677,0.1208333333333333,0.0,104.0,77.0,95.0,59.0,63.0,1.0
20220317,12.320833333333333,2.796875,0.0,105.0,76.0,96.0,58.0,62.0,1.0
20220318,8.961458333333333,1.5572916666666663,0.0,106.0,75.0,96.0,60.0,62.0,1.0
20220319,6.658333333333334,0.6083333333333334,40.739583333333336,105.0,75.0,96.0,59.0,62.0,1.0
20220320,9.3875,0.021875,0.0,105.0,73.0,99.0,61.0,60.0,1.0
20220321,11.665624999999997,0.4302083333333333,0.0,103.0,77.0,95.0,57.0,64.0,1.0
20220322,12.578124999999998,0.00625,0.0,104.0,76.0,96.0,60.0,63.0,1.0
20220323,10.722916666666665,0.0302083333333333,0.0,105.0,75.0,97.0,60.0,62.0,1.0
20220324,14.713541666666664,0.0,0.0,106.0,77.0,96.0,59.0,62.0,1.0
20220325,17.654166666666654,7.632291666666667,0.0,104.0,75.0,97.0,58.0,63.0,1.0
20220326,16.26458333333333,0.1854166666666666,0.0,104.0,76.0,96.0,60.0,63.0,1.0
20220327,16.32083333333333,0.0,0.0,103.0,75.0,99.0,60.0,60.0,1.0
20220328,13.939583333333331,0.0,0.0,101.0,81.0,94.0,57.0,66.0,1.0
20220329,17.405208333333338,0.0,0.0,102.0,79.0,96.0,57.0,63.0,1.0
20220330,18.640625,0.203125,0.0,103.0,78.0,96.0,57.0,64.0,1.0
20220331,13.441666666666668,0.1020833333333333,0.0,103.0,77.0,97.0,57.0,62.0,1.0
20220401,13.963541666666671,0.0,0.0,102.0,78.0,97.0,60.0,61.0,1.0
20220402,14.541666666666664,0.0,0.0,102.0,80.0,96.0,59.0,62.0,1.0
20220403,16.458333333333332,0.0,0.0,104.0,77.0,100.0,62.0,60.0,1.0
20220404,18.13125,0.0,0.0,100.0,81.0,95.0,59.0,62.0,1.0
20220405,18.21979166666668,0.0,0.0,102.0,79.0,97.0,59.0,62.0,1.0
20220406,19.33541666666666,0.053125,0.0,101.0,80.0,96.0,59.0,63.0,1.0
20220407,18.435416666666672,0.0052083333333333,0.0,101.0,79.0,97.0,59.0,62.0,1.0
20220408,21.090624999999992,0.01875,0.0,101.0,80.0,95.0,59.0,63.0,1.0
20220409,24.472916666666663,0.0,0.0,101.0,80.0,96.0,59.0,62.0,1.0
20220410,25.21770833333333,0.0020833333333333,0.0,101.0,79.0,97.0,59.0,61.0,1.0
20220411,25.14583333333333,0.0208333333333333,0.0,101.0,80.0,95.0,59.0,62.0,1.0
20220412,25.89062500000001,0.5479166666666667,0.0,102.0,79.0,95.0,59.0,62.0,1.0
20220413,17.06354166666667,2.3354166666666667,0.0,103.0,78.0,95.0,58.0,62.0,1.0
20220414,12.938541666666673,0.0489583333333333,0.0,102.0,78.0,94.0,58.0,63.0,1.0
20220415,17.885416666666668,0.0,0.0,100.0,80.0,93.0,56.0,65.0,1.0
20220416,18.73645833333334,0.0,0.0,100.0,79.0,94.0,56.0,64.0,1.0
20220417,20.891666666666676,0.0,0.0,102.0,78.0,95.0,57.0,63.0,1.0
20220418,21.91458333333333,0.0,0.0,103.0,77.0,96.0,59.0,62.0,1.0
20220419,22.586458333333336,0.0,0.0,102.0,77.0,96.0,59.0,62.0,1.0
20220420,23.105208333333334,0.0218749999999999,0.0,98.0,77.0,97.0,60.0,63.0,1.0
20220421,19.137500000000006,0.2635416666666666,0.0,98.0,76.0,98.0,61.0,62.0,1.0
20220422,22.61979166666666,0.0072916666666666,0.0,100.0,78.0,96.0,59.0,63.0,1.0
20220423,23.265625,0.021875,0.0,101.0,76.0,98.0,60.0,61.0,1.0
20220424,25.693749999999987,0.015625,0.0,98.0,75.0,98.0,61.0,62.0,1.0
20220425,25.516666666666666,5.103125,0.0,99.0,74.0,98.0,60.0,62.0,1.0
20220426,22.110416666666666,1.2708333333333333,0.0,98.0,77.0,96.0,59.0,64.0,1.0
20220427,21.901041666666657,0.0,0.0,98.0,77.0,97.0,60.0,62.0,1.0
20220428,22.07395833333334,3.235416666666667,0.0,96.0,78.0,95.0,59.0,64.0,1.0
20220429,15.343749999999998,0.2197916666666667,0.0,93.0,83.0,92.0,56.0,69.0,1.0
20220430,16.97604166666666,0.025,0.0,92.0,85.0,91.0,57.0,70.0,1.0
20220501,18.841666666666672,0.0,0.0,92.0,84.0,93.0,58.0,68.0,1.0
20220502,19.18958333333333,0.0625,0.0,96.0,82.0,94.0,60.0,68.0,1.0
20220503,20.86458333333333,0.0,0.0,97.0,80.0,96.0,62.0,66.0,1.0
20220504,24.5,0.0,0.0,100.0,78.0,98.0,63.0,64.0,1.0
20220505,25.18958333333333,0.0,0.0,99.0,80.0,97.0,63.0,64.0,1.0
20220506,25.79166666666668,0.0145833333333333,0.0,96.0,82.0,94.0,61.0,66.0,1.0
20220507,23.438541666666666,0.053125,0.0,100.0,79.0,97.0,62.0,63.0,1.0
20220508,19.9875,0.2364583333333333,0.0,100.0,78.0,98.0,61.0,62.0,1.0
20220509,22.063541666666666,0.0,0.0,102.0,76.0,100.0,63.0,62.0,1.0
20220510,23.20208333333333,0.0395833333333333,0.0,98.0,77.0,100.0,63.0,61.0,1.0
20220511,23.94583333333333,0.0270833333333333,0.0,99.0,78.0,98.0,60.0,63.0,1.0
20220512,24.63541666666665,0.028125,0.0,101.0,78.0,99.0,63.0,63.0,1.0
20220513,20.32708333333333,0.1854166666666666,0.0,104.0,75.0,101.0,65.0,62.0,1.0
20220514,21.706249999999997,0.0,0.0,105.0,75.0,102.0,64.0,61.0,1.0
20220515,20.88958333333333,0.0,0.0,103.0,77.0,101.0,62.0,61.0,1.0
20220516,23.49270833333333,0.0,0.0,109.0,73.0,106.0,67.0,57.0,1.0
20220517,25.95208333333333,0.0104166666666666,0.0,106.0,74.0,104.0,67.0,59.0,1.0
20220518,26.88125000000001,0.0447916666666666,0.0,105.0,74.0,103.0,65.0,59.0,1.0
20220519,25.05833333333333,0.0,0.0,105.0,74.0,103.0,66.0,60.0,1.0
20220520,24.487499999999997,0.0,0.0,103.0,75.0,100.0,66.0,62.0,1.0
20220521,26.643750000000008,0.0,0.0,102.0,75.0,99.0,64.0,62.0,1.0
20220522,27.60416666666667,0.0,0.0,103.0,75.0,100.0,62.0,61.0,1.0
20220523,28.405208333333324,0.0,0.0,104.0,75.0,102.0,65.0,61.0,1.0
20220524,28.55,0.0,0.0,102.0,77.0,100.0,65.0,58.0,1.0
20220525,26.839583333333348,0.6177083333333332,0.0,102.0,76.0,101.0,66.0,57.0,1.0
20220526,23.64270833333333,0.0083333333333333,0.0,103.0,76.0,102.0,66.0,57.0,1.0
20220527,26.068749999999994,0.0,0.0,101.0,75.0,100.0,67.0,60.0,1.0
20220528,29.18333333333332,0.0,0.0,97.0,76.0,96.0,63.0,63.0,1.0
20220529,28.37291666666665,0.309375,0.0,95.0,77.0,95.0,64.0,64.0,1.0
20220530,24.394791666666663,0.0083333333333333,0.0,99.0,76.0,99.0,65.0,60.0,1.0
20220531,27.465625,0.0,0.0,97.0,76.0,96.0,64.0,63.0,1.0
20220601,29.05312499999999,0.0,0.0,95.0,78.0,94.0,62.0,65.0,1.0
20220602,28.433333333333326,0.0,0.0,98.0,78.0,97.0,65.0,62.0,1.0
20220603,28.990625,0.0,0.0,100.0,77.0,96.0,63.0,62.0,1.0
20220604,27.57604166666667,1.4645833333333331,0.0,101.0,77.0,96.0,63.0,62.0,1.0
20220605,21.50520833333334,4.3,0.0,100.0,73.0,99.0,67.0,62.0,1.0
20220606,22.77083333333334,0.8291666666666667,0.0,98.0,76.0,97.0,63.0,63.0,1.0
20220607,21.056250000000013,0.6041666666666667,0.0,101.0,74.0,100.0,66.0,61.0,1.0
20220608,22.887500000000006,0.0468749999999999,0.0,102.0,75.0,100.0,66.0,59.0,1.0
20220609,24.917708333333334,0.4166666666666667,0.0,102.0,75.0,98.0,65.0,59.0,1.0
20220610,26.35208333333333,0.14375,0.0,98.0,74.0,97.0,65.0,63.0,1.0
20220611,27.530208333333324,0.003125,0.0,99.0,75.0,95.0,64.0,63.0,1.0
20220612,26.33645833333334,0.471875,0.0,99.0,74.0,98.0,64.0,61.0,1.0
20220613,24.65833333333333,0.4239583333333334,0.0,103.0,72.0,101.0,66.0,60.0,1.0
20220614,20.594791666666666,2.5604166666666663,0.0,105.0,68.0,102.0,63.0,58.0,1.0
20220615,23.222916666666663,1.352083333333333,0.0,103.0,70.0,100.0,63.0,61.0,1.0
20220616,25.93333333333334,0.0,0.0,104.0,71.0,101.0,65.0,60.0,1.0
20220617,28.146875,0.0,0.0,102.0,74.0,98.0,62.0,61.0,1.0
20220618,28.657291666666666,0.0145833333333333,0.0,102.0,74.0,97.0,62.0,62.0,1.0
20220619,29.15208333333333,0.0,0.0,101.0,74.0,97.0,62.0,63.0,1.0
20220620,30.410416666666677,0.0291666666666666,0.0,101.0,74.0,97.0,63.0,63.0,1.0
20220621,31.381249999999994,0.0,0.0,99.0,75.0,95.0,63.0,65.0,1.0
20220622,31.652083333333326,0.0479166666666666,0.0,99.0,73.0,97.0,64.0,63.0,1.0
20220623,27.967708333333302,13.231249999999996,0.0,99.0,74.0,96.0,63.0,63.0,1.0
20220624,28.07083333333333,0.9166666666666666,0.0,97.0,77.0,93.0,63.0,65.0,1.0
20220625,30.668749999999992,0.059375,0.0,98.0,77.0,93.0,62.0,64.0,1.0
20220626,29.45937499999999,0.4041666666666666,0.0,100.0,77.0,95.0,64.0,63.0,1.0
20220627,28.49375000000001,1.3770833333333332,0.0,99.0,74.0,96.0,66.0,63.0,1.0
20220628,29.36354166666668,2.5291666666666663,0.0,100.0,76.0,95.0,64.0,63.0,1.0
20220629,28.93750000000001,11.442708333333336,0.0,99.0,77.0,95.0,64.0,63.0,1.0
20220630,29.0,6.198958333333331,0.0,103.0,74.0,99.0,61.0,60.0,1.0
20220701,31.943749999999994,0.0625,0.0,100.0,76.0,96.0,63.0,63.0,1.0
20220702,33.13020833333332,0.0,0.0,96.0,79.0,92.0,60.0,66.0,1.0
20220703,33.18437499999998,0.8885416666666667,0.0,94.0,79.0,92.0,58.0,66.0,1.0
20220704,31.85208333333333,0.4125,0.0,97.0,79.0,94.0,62.0,65.0,1.0
20220705,31.985416666666666,0.4166666666666667,0.0,93.0,82.0,90.0,59.0,69.0,1.0
20220706,32.15833333333334,0.7302083333333335,0.0,94.0,82.0,91.0,61.0,67.0,1.0
20220707,31.95104166666665,1.0489583333333334,0.0,96.0,80.0,93.0,63.0,65.0,1.0
20220708,30.45833333333333,0.2635416666666667,0.0,95.0,80.0,92.0,62.0,67.0,1.0
20220709,31.15520833333335,0.021875,0.0,95.0,80.0,92.0,61.0,67.0,1.0
20220710,32.2375,2.765625,0.0,98.0,78.0,95.0,64.0,65.0,1.0
20220711,28.74791666666668,2.0708333333333333,0.0,100.0,77.0,97.0,66.0,63.0,1.0
20220712,28.98333333333333,0.1541666666666666,0.0,101.0,76.0,98.0,66.0,62.0,1.0
20220713,26.37395833333333,9.421875000000002,0.0,101.0,76.0,98.0,67.0,62.0,1.0
20220714,30.127083333333346,0.0270833333333333,0.0,95.0,78.0,94.0,66.0,67.0,1.0
20220715,30.588541666666657,1.1520833333333331,0.0,97.0,79.0,94.0,66.0,65.0,1.0
20220716,30.11875,0.6604166666666667,0.0,95.0,79.0,93.0,66.0,67.0,1.0
20220717,29.52291666666666,3.396875,0.0,99.0,76.0,98.0,67.0,63.0,1.0
20220718,26.46249999999999,2.854166666666666,0.0,99.0,75.0,98.0,67.0,62.0,1.0
20220719,30.376041666666666,0.1531249999999999,0.0,96.0,80.0,94.0,65.0,66.0,1.0
20220720,31.328125,4.079166666666667,0.0,95.0,79.0,94.0,64.0,66.0,1.0
20220721,27.01875,1.3468750000000005,0.0,96.0,80.0,93.0,63.0,66.0,1.0
20220722,28.622916666666665,0.1031249999999999,0.0,96.0,79.0,93.0,64.0,67.0,1.0
20220723,27.75625000000001,3.853125,0.0,97.0,79.0,93.0,64.0,67.0,1.0
20220724,28.191666666666677,0.184375,0.0,97.0,79.0,94.0,63.0,66.0,1.0
20220725,30.81770833333333,0.0,0.0,96.0,82.0,92.0,62.0,68.0,1.0
20220726,31.31041666666668,0.0,0.0,95.0,83.0,91.0,62.0,69.0,1.0
20220727,30.444791666666664,0.0020833333333333,0.0,93.0,83.0,89.0,62.0,71.0,1.0
20220728,31.03333333333333,0.0135416666666666,0.0,96.0,81.0,93.0,64.0,67.0,1.0
20220729,33.206250000000004,0.0572916666666666,0.0,95.0,82.0,91.0,63.0,69.0,1.0
20220730,31.00520833333333,1.697916666666667,0.0,96.0,81.0,92.0,63.0,69.0,1.0
20220731,28.151041666666657,8.959375000000003,0.0,99.0,77.0,95.0,65.0,66.0,1.0
20220801,30.191666666666663,3.7,0.0,94.0,83.0,90.0,64.0,71.0,1.0
20220802,30.23125000000001,3.681250000000001,0.0,96.0,79.0,92.0,64.0,69.0,1.0
20220803,31.47812499999999,0.3135416666666666,0.0,97.0,80.0,93.0,65.0,69.0,1.0
20220804,32.684375,0.128125,0.0,96.0,81.0,93.0,66.0,68.0,1.0
20220805,32.48437499999998,0.0270833333333333,0.0,96.0,84.0,91.0,64.0,69.0,1.0
20220806,33.27708333333333,0.3052083333333333,0.0,96.0,83.0,93.0,66.0,68.0,1.0
20220807,33.22708333333333,0.8718750000000001,0.0,97.0,81.0,94.0,67.0,66.0,1.0
20220808,30.70104166666668,10.634375,0.0,97.0,78.0,95.0,68.0,67.0,1.0
20220809,30.065624999999983,11.071875000000004,0.0,98.0,78.0,95.0,67.0,67.0,1.0
20220810,28.79375,6.6864583333333325,0.0,97.0,78.0,95.0,68.0,67.0,1.0
20220811,27.226041666666656,2.861458333333333,0.0,96.0,78.0,94.0,67.0,67.0,1.0
20220812,31.80833333333333,0.04375,0.0,94.0,82.0,92.0,66.0,69.0,1.0
20220813,29.55312499999999,2.4927083333333333,0.0,95.0,81.0,92.0,65.0,69.0,1.0
20220814,31.16145833333333,1.1677083333333331,0.0,96.0,83.0,93.0,66.0,68.0,1.0
20220815,31.53958333333333,3.9166666666666665,0.0,96.0,80.0,93.0,67.0,68.0,1.0
20220816,29.35729166666667,4.05,0.0,97.0,78.0,94.0,68.0,67.0,1.0
20220817,28.659375000000008,2.1354166666666665,0.0,96.0,81.0,94.0,67.0,67.0,1.0
20220818,29.707291666666677,0.0,0.0,100.0,79.0,96.0,65.0,65.0,1.0
20220819,29.792708333333348,3.157291666666667,0.0,98.0,79.0,95.0,65.0,67.0,1.0
20220820,29.58333333333334,1.3614583333333332,0.0,96.0,81.0,93.0,65.0,69.0,1.0
20220821,30.70416666666667,0.0,0.0,97.0,82.0,94.0,65.0,68.0,1.0
20220822,30.80833333333332,0.5958333333333333,0.0,96.0,82.0,93.0,65.0,69.0,1.0
20220823,28.15416666666665,1.964583333333333,0.0,98.0,81.0,94.0,65.0,67.0,1.0
20220824,26.045833333333324,0.1552083333333333,0.0,97.0,81.0,94.0,66.0,67.0,1.0
20220825,27.50937499999998,0.0739583333333333,0.0,100.0,79.0,96.0,66.0,65.0,1.0
20220826,28.394791666666677,0.365625,0.0,97.0,81.0,93.0,65.0,67.0,2.0
20220827,26.643749999999983,0.0,0.0,98.0,81.0,94.0,65.0,66.0,1.0
20220828,27.04062500000001,0.0458333333333333,0.0,99.0,80.0,96.0,68.0,66.0,1.0
20220829,23.625,2.7645833333333325,0.0,100.0,77.0,97.0,68.0,64.0,1.0
20220830,22.804166666666664,6.255208333333335,0.0,100.0,76.0,98.0,67.0,63.0,1.0
20220831,24.53229166666667,0.8229166666666666,0.0,102.0,78.0,98.0,69.0,63.0,1.0
20220901,26.08333333333334,1.2416666666666667,0.0,101.0,80.0,97.0,70.0,64.0,1.0
20220902,25.69791666666667,1.6666666666666667,0.0,101.0,78.0,97.0,69.0,63.0,1.0
20220903,26.24791666666665,0.9125,0.0,100.0,78.0,97.0,70.0,65.0,1.0
20220904,27.65729166666668,5.153125,0.0,99.0,76.0,99.0,72.0,63.0,1.0
20220905,25.365625000000005,27.93333333333333,0.0,102.0,73.0,102.0,72.0,61.0,1.0
20220906,25.75208333333333,0.3385416666666667,0.0,99.0,76.0,98.0,71.0,64.0,1.0
20220907,27.79166666666666,0.0,0.0,94.0,78.0,93.0,66.0,69.0,1.0
20220908,27.856249999999992,0.0,0.0,97.0,76.0,96.0,70.0,66.0,1.0
20220909,27.96874999999999,0.0020833333333333,0.0,97.0,78.0,94.0,68.0,68.0,1.0
20220910,25.956250000000008,0.00625,0.0,95.0,77.0,94.0,70.0,68.0,1.0
20220911,27.04270833333334,0.1031249999999999,0.0,95.0,78.0,92.0,68.0,70.0,1.0
20220912,25.61770833333333,0.0260416666666666,0.0,97.0,77.0,94.0,69.0,68.0,1.0
20220913,26.927083333333343,0.5750000000000001,0.0,98.0,76.0,95.0,68.0,66.0,1.0
20220914,27.658333333333346,0.0135416666666666,0.0,99.0,76.0,96.0,69.0,66.0,1.0
20220915,28.06145833333333,0.0166666666666666,0.0,99.0,75.0,96.0,69.0,66.0,1.0
20220916,29.00105263157894,0.996842105263158,0.0,98.0,73.0,93.0,67.0,68.0,1.0
20220917,29.46947368421051,0.0410526315789473,0.0,96.0,75.0,91.0,66.0,70.0,1.0
20220918,30.36631578947369,1.3800000000000003,0.0,96.0,75.0,92.0,67.0,70.0,1.0
20220919,27.82291666666666,0.396875,0.0,97.0,71.0,94.0,68.0,68.0,1.0
20220920,23.18229166666667,0.0083333333333333,0.0,98.0,71.0,94.0,67.0,68.0,1.0
20220921,23.51875,0.0,0.0,98.0,72.0,94.0,68.0,68.0,1.0
20220922,24.19895833333333,0.0,0.0,99.0,73.0,94.0,66.0,67.0,1.0
20220923,25.022105263157908,0.1831578947368421,0.0,98.0,72.0,94.0,67.0,67.0,1.0
20220924,23.967368421052623,0.0,0.0,98.0,73.0,96.0,69.0,67.0,1.0
20220925,23.250526315789465,0.0,0.0,96.0,74.0,94.0,66.0,67.0,1.0
20220926,23.496874999999992,0.0072916666666666,0.0,100.0,73.0,98.0,69.0,64.0,1.0
20220927,26.23333333333333,0.0,0.0,100.0,72.0,98.0,70.0,64.0,1.0
20220928,24.852083333333336,0.0010416666666666,0.0,100.0,73.0,98.0,70.0,64.0,1.0
20220929,25.17052631578948,0.0,0.0,96.0,73.0,94.0,67.0,68.0,1.0
20220930,27.63125,0.0,0.0,98.0,72.0,96.0,69.0,66.0,1.0
20221001,28.16979166666667,0.0041666666666666,0.0,99.0,75.0,96.0,69.0,64.0,1.0
20221002,25.671875,3.7677083333333328,0.0,97.0,74.0,95.0,68.0,65.0,1.0
20221003,26.24791666666668,9.220833333333337,0.0,98.0,73.0,96.0,67.0,64.0,1.0
20221004,24.322916666666657,1.6187499999999997,0.0,99.0,75.0,97.0,68.0,64.0,1.0
20221005,18.67083333333333,0.4760416666666668,0.0,100.0,73.0,98.0,70.0,62.0,1.0
20221006,20.13958333333333,1.8541666666666667,0.0,101.0,72.0,99.0,71.0,60.0,1.0
20221007,18.948958333333334,0.26875,0.0,99.0,72.0,97.0,70.0,62.0,1.0
20221008,20.474999999999994,0.2072916666666666,0.0,98.0,74.0,95.0,68.0,64.0,1.0
20221009,16.41979166666667,2.5125000000000006,0.0,101.0,71.0,99.0,70.0,61.0,1.0
20221010,14.999999999999998,0.3968749999999999,0.0,101.0,72.0,99.0,71.0,61.0,1.0
20221011,18.005208333333332,0.0,0.0,102.0,72.0,100.0,72.0,59.0,1.0
20221012,20.58645833333333,0.0,0.0,103.0,72.0,101.0,73.0,58.0,1.0
20221013,22.03684210526316,0.0,0.0,105.0,72.0,103.0,74.0,57.0,1.0
20221014,22.410416666666677,0.0,0.0,105.0,72.0,103.0,75.0,57.0,1.0
20221015,23.777894736842107,0.0,0.0,103.0,73.0,101.0,73.0,59.0,1.0
20221016,22.609375,0.015625,0.0,102.0,72.0,101.0,75.0,59.0,1.0
20221017,18.24210526315789,0.0421052631578947,0.0,98.0,79.0,97.0,74.0,63.0,1.0
20221018,15.529166666666663,0.0520833333333333,0.0,99.0,79.0,97.0,74.0,63.0,1.0
20221019,17.03333333333333,0.0,0.0,100.0,77.0,98.0,75.0,63.0,1.0
20221020,20.285416666666677,0.0,0.0,101.0,77.0,100.0,77.0,61.0,1.0
20221021,20.128125,0.003125,0.0,102.0,77.0,100.0,76.0,59.0,1.0
20221022,22.02604166666666,0.2927083333333333,0.0,102.0,76.0,101.0,77.0,59.0,1.0
20221023,19.210416666666653,0.2729166666666666,0.0,102.0,75.0,101.0,79.0,58.0,1.0
20221024,15.36947368421052,0.18,0.0,101.0,77.0,100.0,77.0,60.0,1.0
20221025,15.332291666666665,0.0239583333333333,0.0,102.0,76.0,101.0,78.0,59.0,1.0
20221026,18.802083333333336,0.0,0.0,102.0,76.0,101.0,77.0,59.0,1.0
20221027,20.457291666666663,0.7395833333333334,0.0,103.0,76.0,101.0,76.0,59.0,1.0
20221028,19.58125,0.0520833333333333,0.0,103.0,76.0,101.0,76.0,58.0,1.0
20221029,19.804166666666667,0.0489583333333333,0.0,103.0,75.0,100.0,75.0,57.0,1.0
20221030,19.440625,0.0041666666666666,0.0,102.0,74.0,101.0,78.0,56.0,1.0
20221031,18.322916666666668,0.0,0.0,103.0,75.0,102.0,78.0,56.0,1.0
20221101,18.80208333333333,0.0,0.0,103.0,75.0,102.0,77.0,55.0,1.0
20221102,19.520833333333325,0.0,0.0,102.0,75.0,102.0,77.0,55.0,1.0
20221103,17.46458333333333,0.0,0.0,102.0,75.0,102.0,77.0,56.0,1.0
20221104,12.305208333333333,0.2510416666666666,0.0,102.0,76.0,100.0,76.0,56.0,1.0
20221105,14.425000000000004,0.0,0.0,103.0,76.0,101.0,76.0,55.0,1.0
20221106,16.067708333333332,0.0,0.0,102.0,75.0,101.0,78.0,54.0,1.0
20221107,17.396874999999998,0.021875,0.0,103.0,77.0,100.0,76.0,56.0,1.0
20221108,18.640625000000007,0.0,0.0,103.0,77.0,100.0,75.0,57.0,1.0
20221109,18.41145833333333,0.0791666666666666,0.0,103.0,77.0,100.0,76.0,56.0,1.0
20221110,20.12708333333333,0.01875,0.0,103.0,78.0,99.0,74.0,56.0,1.0
20221111,21.279166666666672,0.075,0.0,102.0,78.0,99.0,74.0,55.0,1.0
20221112,22.509374999999995,5.283333333333333,0.0,103.0,76.0,99.0,74.0,56.0,1.0
20221113,19.013541666666672,0.3125,0.0,105.0,76.0,100.0,77.0,54.0,1.0
20221114,14.434374999999996,0.025,0.0,104.0,76.0,100.0,77.0,54.0,1.0
20221115,13.963541666666664,0.190625,0.0,104.0,76.0,100.0,77.0,53.0,1.0
20221116,15.113541666666668,0.0,0.0,104.0,77.0,100.0,77.0,54.0,1.0
20221117,16.361458333333342,0.0,0.0,104.0,76.0,100.0,77.0,53.0,1.0
20221118,18.34375000000001,0.0,0.0,102.0,79.0,98.0,75.0,56.0,1.0
20221119,18.652083333333334,0.0489583333333333,0.0,103.0,77.0,99.0,76.0,54.0,1.0
20221120,17.840625000000006,0.265625,0.0,102.0,77.0,98.0,78.0,54.0,2.0
20221121,18.139583333333327,0.0177083333333333,0.0,101.0,77.0,98.0,78.0,55.0,2.0
20221122,14.670833333333333,1.353125,0.0,101.0,75.0,99.0,77.0,54.0,2.0
20221123,16.35208333333334,0.0447916666666666,0.0,101.0,77.0,98.0,76.0,54.0,2.0
20221124,15.501041666666666,0.0,0.0,99.0,78.0,96.0,75.0,56.0,2.0
20221125,17.788541666666667,0.1020833333333333,0.0,101.0,78.0,97.0,76.0,54.0,2.0
20221126,15.67395833333334,0.0,0.0,100.0,79.0,95.0,74.0,55.0,3.0
20221127,14.69791666666667,0.1395833333333333,0.0,99.0,78.0,96.0,75.0,54.0,2.0
20221128,16.708333333333325,6.016666666666668,0.0,99.0,80.0,95.0,75.0,57.0,2.0
20221129,16.129166666666666,0.2760416666666666,0.0,101.0,79.0,96.0,77.0,54.0,3.0
20221130,4.332291666666666,0.0229166666666666,56.59375,101.0,80.0,95.0,75.0,56.0,3.0
20221201,2.084375,0.00625,23.85416666666667,104.0,80.0,96.0,75.0,55.0,3.0
20221202,4.830208333333332,0.0770833333333333,10.3125,101.0,80.0,93.0,74.0,57.0,3.0
20221203,8.477083333333336,0.04375,32.78125,99.0,79.0,91.0,72.0,59.0,3.0
20221204,5.092708333333333,0.0114583333333333,0.0,102.0,78.0,92.0,73.0,58.0,3.0
20221205,4.316666666666666,0.028125,0.0,102.0,79.0,91.0,71.0,59.0,3.0
20221206,6.686458333333335,0.0739583333333333,51.01041666666666,101.0,79.0,91.0,72.0,58.0,3.0
20221207,9.750000000000004,0.0,0.0,100.0,80.0,91.0,72.0,58.0,3.0
20221208,10.91145833333333,0.0010416666666666,0.0,102.0,79.0,92.0,69.0,58.0,3.0
20221209,11.047916666666667,0.0,0.0,101.0,80.0,91.0,71.0,58.0,3.0
20221210,8.208333333333336,0.0927083333333333,0.0,100.0,79.0,90.0,70.0,59.0,3.0
20221211,8.793749999999998,0.0291666666666666,0.0,101.0,78.0,91.0,71.0,59.0,3.0
20221212,8.063541666666664,0.4760416666666667,21.40625,104.0,77.0,93.0,73.0,58.0,3.0
20221213,6.663541666666667,0.3489583333333333,256.78125,105.0,76.0,93.0,73.0,56.0,4.0
20221214,-0.3062499999999998,0.0791666666666666,63.94791666666666,102.0,79.0,89.0,69.0,59.0,3.0
20221215,4.056250000000001,0.3510416666666667,109.39583333333331,102.0,79.0,88.0,68.0,58.0,4.0
20221216,1.915625,0.15,10.46875,102.0,79.0,89.0,69.0,58.0,4.0
20221217,0.3656250000000001,0.31875,204.84375,100.0,76.0,85.0,65.0,63.0,4.0
20221218,-2.7583333333333333,0.10625,121.69791666666669,99.0,74.0,87.0,67.0,64.0,3.0
20221219,1.14375,0.0041666666666666,31.16666666666667,97.0,77.0,85.0,66.0,66.0,3.0
20221220,5.001041666666667,0.5708333333333334,0.0,98.0,77.0,85.0,65.0,65.0,3.0
20221221,4.476041666666666,0.7114583333333334,72.96875,99.0,76.0,85.0,66.0,64.0,3.0
20221222,1.259375,0.33125,243.7395833333333,100.0,76.0,84.0,64.0,64.0,4.0
20221223,-4.141666666666668,0.4260416666666667,198.8020833333333,102.0,76.0,83.0,64.0,62.0,5.0
20221224,-0.4541666666666664,0.08125,29.22916666666667,97.0,80.0,74.0,57.0,67.0,6.0
20221225,3.061458333333333,0.1041666666666666,10.989583333333336,100.0,76.0,82.0,62.0,63.0,5.0
20221226,3.5260416666666665,0.0489583333333333,13.072916666666664,98.0,74.0,87.0,67.0,66.0,3.0
20221227,5.076041666666669,0.025,23.4375,98.0,76.0,87.0,67.0,64.0,3.0
20221228,3.7624999999999993,0.0,42.583333333333336,98.0,75.0,89.0,69.0,63.0,3.0
20221229,3.4093750000000007,0.0114583333333333,79.09375,98.0,76.0,88.0,68.0,64.0,3.0
20221230,4.368749999999999,0.0,10.572916666666666,98.0,76.0,88.0,69.0,64.0,3.0
20221231,4.804166666666666,0.0020833333333333,0.0,94.0,75.0,82.0,64.0,70.0,3.0
20230101,6.690624999999998,0.0052083333333333,0.0,98.0,74.0,88.0,66.0,65.0,3.0
20230102,3.0312500000000013,0.0,5.520833333333332,99.0,73.0,90.0,67.0,65.0,3.0
20230103,3.695833333333335,0.0,0.0,96.0,75.0,88.0,67.0,64.0,3.0
20230104,5.429166666666667,0.0,0.0,96.0,76.0,87.0,66.0,65.0,3.0
20230105,6.589583333333337,0.0,0.0,96.0,76.0,87.0,66.0,65.0,3.0
20230106,7.9020833333333345,0.58125,48.69791666666666,98.0,77.0,87.0,65.0,65.0,3.0
20230107,6.354166666666668,0.140625,8.125,97.0,78.0,86.0,65.0,66.0,2.0
20230108,8.484374999999998,0.0,0.0,97.0,78.0,87.0,67.0,64.0,2.0
20230109,10.469791666666667,0.003125,0.0,97.0,79.0,86.0,66.0,65.0,2.0
20230110,9.765625,0.0,0.0,98.0,79.0,88.0,67.0,63.0,2.0
20230111,11.6680412371134,0.0,0.0,97.0,79.0,87.0,67.0,63.0,2.0
20230112,14.531958762886596,4.6608247422680416,0.0,98.0,78.0,89.0,68.0,65.0,2.0
20230113,13.387628865979384,2.1453608247422675,0.0,98.0,79.0,87.0,66.0,67.0,2.0
20230114,9.842268041237118,1.2752577319587626,24.74226804123711,99.0,79.0,87.0,66.0,66.0,2.0
20230115,4.924742268041237,0.6412371134020619,89.0721649484536,99.0,80.0,89.0,69.0,64.0,2.0
20230116,1.6969072164948449,0.0546391752577319,25.309278350515463,100.0,80.0,89.0,68.0,65.0,2.0
20230117,2.684536082474226,0.0010309278350515,43.144329896907216,101.0,79.0,90.0,69.0,63.0,2.0
20230118,4.374226804123713,0.0082474226804123,25.77319587628866,99.0,79.0,90.0,68.0,65.0,2.0
20230119,5.626804123711341,0.1195876288659793,24.319587628865985,100.0,80.0,90.0,68.0,64.0,2.0
20230120,4.4948453608247405,0.0,26.90721649484536,102.0,80.0,90.0,67.0,63.0,2.0
20230121,2.837113402061856,0.0,19.432989690721648,100.0,78.0,91.0,68.0,63.0,2.0
20230122,4.3907216494845365,0.0907216494845361,13.711340206185564,99.0,78.0,91.0,69.0,61.0,2.0
20230123,7.950515463917526,0.165979381443299,31.02061855670103,100.0,79.0,91.0,69.0,61.0,2.0
20230124,-0.8164948453608251,0.92680412371134,161.68041237113405,100.0,78.0,92.0,70.0,61.0,2.0
20230125,-3.471134020618557,0.1061855670103092,48.28865979381443,102.0,77.0,94.0,70.0,60.0,2.0
20230126,0.3123711340206186,0.102061855670103,146.58762886597935,102.0,77.0,94.0,72.0,60.0,2.0
20230127,-0.6628865979381448,0.2525773195876289,89.4536082474227,103.0,79.0,93.0,71.0,60.0,2.0
20230128,0.3144329896907217,0.0206185567010309,50.55670103092783,102.0,79.0,92.0,70.0,62.0,2.0
20230129,4.97938144329897,0.1164948453608247,55.30927835051546,103.0,79.0,95.0,73.0,58.0,2.0
20230130,5.001041666666667,0.0,8.90625,101.0,80.0,93.0,72.0,60.0,2.0
20230131,9.249484536082475,0.0,0.0,102.0,80.0,94.0,71.0,59.0,2.0
20230201,8.360416666666671,0.0177083333333333,22.44791666666667,102.0,79.0,93.0,70.0,62.0,2.0
20230202,3.560416666666667,0.0052083333333333,10.9375,103.0,80.0,94.0,71.0,60.0,2.0
20230203,5.706249999999998,0.0,0.0,102.0,81.0,93.0,71.0,59.0,2.0
20230204,6.205208333333334,0.0,3.6979166666666665,102.0,80.0,95.0,72.0,59.0,2.0
20230205,8.615625000000003,0.0,0.0,104.0,78.0,97.0,73.0,57.0,2.0
20230206,10.391752577319588,0.0855670103092783,0.0,102.0,81.0,94.0,72.0,60.0,2.0
20230207,11.247422680412368,0.002061855670103,0.0,103.0,81.0,93.0,71.0,61.0,2.0
20230208,9.71237113402062,0.0237113402061855,0.0,103.0,82.0,93.0,71.0,61.0,2.0
20230209,9.978350515463916,1.9484536082474224,0.0,103.0,81.0,94.0,72.0,59.0,2.0
20230210,8.155670103092787,0.1010309278350515,8.762886597938143,104.0,81.0,94.0,73.0,59.0,2.0
20230211,8.376288659793815,0.0,0.0,102.0,82.0,93.0,72.0,60.0,2.0
20230212,8.493814432989693,0.6474226804123709,0.0,102.0,83.0,92.0,71.0,61.0,2.0
20230213,8.835051546391751,0.2525773195876289,24.74226804123711,106.0,82.0,93.0,69.0,59.0,2.0
20230214,7.316494845360824,0.2783505154639175,59.89690721649485,106.0,84.0,92.0,68.0,60.0,2.0
20230215,6.037113402061856,0.254639175257732,24.84536082474227,103.0,84.0,91.0,68.0,61.0,2.0
20230216,7.443298969072162,0.0072164948453608,0.0,102.0,85.0,90.0,67.0,62.0,2.0
20230217,9.355670103092784,0.1082474226804123,0.0,103.0,84.0,92.0,68.0,60.0,2.0
20230218,8.920833333333336,0.228125,0.0,103.0,84.0,92.0,69.0,59.0,2.0
20230219,8.994791666666666,0.0,0.0,102.0,85.0,91.0,69.0,59.0,2.0
20230220,6.298958333333334,0.0489583333333333,14.114583333333336,103.0,85.0,91.0,69.0,59.0,2.0
20230221,5.161855670103093,0.0309278350515463,18.09278350515464,103.0,86.0,90.0,68.0,59.0,2.0
20230222,9.4319587628866,0.1649484536082474,0.0,103.0,87.0,89.0,67.0,60.0,2.0
20230223,10.692783505154637,0.0731958762886597,0.8247422680412371,105.0,87.0,89.0,66.0,60.0,2.0
20230224,10.738144329896905,0.0206185567010309,0.0,104.0,87.0,89.0,68.0,60.0,2.0
20230225,6.593814432989693,0.0814432989690721,28.8659793814433,102.0,87.0,89.0,68.0,60.0,2.0
20230226,9.939175257731955,0.0,0.0,102.0,86.0,91.0,71.0,58.0,2.0
20230227,13.803092783505154,0.0,0.0,102.0,86.0,90.0,70.0,59.0,2.0
20230228,14.047422680412376,0.1298969072164948,0.0,103.0,86.0,91.0,69.0,58.0,2.0
20230301,11.672164948453611,0.0855670103092783,0.0,103.0,86.0,90.0,69.0,59.0,2.0
20230302,7.477319587628869,0.0,4.690721649484536,103.0,87.0,90.0,69.0,58.0,2.0
20230303,12.478350515463912,0.0,0.0,102.0,87.0,89.0,69.0,59.0,2.0
20230304,14.431958762886596,0.0,0.0,104.0,89.0,89.0,67.0,58.0,2.0
20230305,15.635051546391749,0.0123711340206185,0.0,101.0,90.0,88.0,67.0,58.0,2.0
20230306,16.958762886597942,0.0,0.0,102.0,90.0,87.0,66.0,59.0,2.0
20230307,19.44639175257732,0.0,0.0,104.0,90.0,88.0,66.0,58.0,2.0
20230308,19.37319587628865,0.1907216494845361,0.0,104.0,89.0,89.0,66.0,58.0,2.0
20230309,18.936082474226804,0.0072164948453608,0.0,104.0,91.0,87.0,64.0,58.0,2.0
20230310,21.280412371134027,0.0,0.0,102.0,92.0,87.0,66.0,59.0,2.0
20230311,22.03711340206186,0.165979381443299,0.0,101.0,92.0,86.0,65.0,59.0,2.0
20230312,14.719587628865984,1.472164948453608,24.27835051546392,102.0,91.0,88.0,67.0,58.0,2.0
20230313,9.332989690721652,0.0,3.09278350515464,102.0,91.0,89.0,68.0,57.0,2.0
20230314,16.00515463917526,0.0,0.0,102.0,92.0,86.0,66.0,58.0,2.0
20230315,19.24639175257731,0.0,0.0,101.0,90.0,89.0,69.0,57.0,2.0
20230316,13.38659793814433,0.0,0.0,102.0,89.0,87.0,66.0,59.0,2.0
20230317,12.529896907216498,0.3360824742268041,0.0,101.0,89.0,86.0,66.0,61.0,2.0
20230318,15.224742268041236,0.0,0.0,101.0,92.0,86.0,66.0,59.0,2.0
20230319,16.432989690721644,0.0,0.0,101.0,92.0,86.0,67.0,59.0,2.0
20230320,16.39072164948454,0.0659793814432989,0.0,105.0,90.0,88.0,68.0,58.0,2.0
20230321,20.928125,0.0125,0.0,102.0,92.0,86.0,66.0,60.0,2.0
20230322,21.68020833333333,2.158333333333333,0.0,103.0,93.0,86.0,64.0,60.0,2.0
20230323,17.505208333333346,0.7458333333333332,0.0,103.0,93.0,86.0,62.0,61.0,2.0
20230324,13.981443298969074,0.4711340206185566,0.0,100.0,93.0,85.0,65.0,61.0,2.0
20230325,13.503092783505153,0.0092783505154639,0.0,101.0,94.0,86.0,66.0,59.0,2.0
20230326,15.068041237113396,0.0030927835051546,0.0,97.0,97.0,82.0,64.0,61.0,2.0
20230327,14.495876288659789,0.0082474226804123,0.0,99.0,96.0,83.0,63.0,61.0,2.0
20230328,16.659793814432998,0.0360824742268041,0.0,101.0,97.0,85.0,65.0,61.0,2.0
20230329,18.1958762886598,0.0,0.0,97.0,100.0,80.0,61.0,64.0,2.0
20230330,20.689690721649484,0.0175257731958762,0.0,97.0,100.0,81.0,62.0,62.0,2.0
20230331,23.05773195876288,0.0,0.0,97.0,101.0,79.0,61.0,63.0,2.0
20230401,23.288659793814432,0.0,0.0,98.0,100.0,81.0,62.0,62.0,2.0
20230402,21.69690721649485,0.0,0.0,95.0,102.0,78.0,60.0,63.0,2.0
20230403,22.09072164948454,0.0,0.0,95.0,103.0,79.0,60.0,64.0,2.0
20230404,20.425773195876285,5.554639175257733,0.0,97.0,97.0,81.0,61.0,65.0,2.0
20230405,16.12886597938144,3.538144329896906,0.0,97.0,99.0,80.0,59.0,66.0,2.0
20230406,13.11443298969072,0.8319587628865981,0.0,98.0,99.0,81.0,60.0,65.0,2.0
20230407,15.930927835051556,0.0051546391752577,0.0,97.0,100.0,81.0,61.0,64.0,2.0
20230408,15.15208333333333,0.0,0.0,94.0,102.0,79.0,60.0,65.0,2.0
20230409,18.672916666666676,0.0,0.0,95.0,102.0,79.0,59.0,66.0,2.0
20230410,20.25051546391753,0.0,0.0,93.0,103.0,79.0,59.0,69.0,2.0
20230411,20.61546391752578,0.3072164948453607,0.0,97.0,101.0,81.0,61.0,68.0,2.0
20230412,17.912371134020628,0.0,0.0,97.0,101.0,81.0,62.0,67.0,2.0
20230413,21.35567010309278,0.0783505154639175,0.0,99.0,100.0,82.0,62.0,65.0,2.0
20230414,19.578350515463928,0.9824742268041236,0.0,100.0,99.0,83.0,62.0,64.0,2.0
20230415,16.87113402061856,0.6721649484536081,0.0,100.0,98.0,84.0,62.0,64.0,2.0
20230416,16.482474226804126,0.1814432989690722,0.0,96.0,95.0,86.0,66.0,62.0,2.0
20230417,19.289690721649485,0.3701030927835053,0.0,96.0,96.0,85.0,63.0,64.0,2.0
20230418,18.181443298969064,0.1865979381443298,0.0,96.0,98.0,84.0,62.0,64.0,2.0
20230419,23.24226804123713,0.0247422680412371,0.0,97.0,99.0,83.0,62.0,64.0,2.0
20230420,24.97113402061856,0.0,0.0,97.0,98.0,84.0,63.0,63.0,2.0
20230421,21.46701030927836,0.0,0.0,97.0,98.0,83.0,62.0,64.0,2.0
20230422,20.05360824742268,0.0,0.0,97.0,99.0,82.0,62.0,63.0,2.0
20230423,19.18556701030928,0.0030927835051546,0.0,96.0,98.0,83.0,61.0,63.0,2.0
20230424,17.274226804123714,0.1391752577319587,0.0,93.0,94.0,82.0,59.0,68.0,2.0
20230425,11.686597938144333,0.7237113402061855,0.0,95.0,93.0,82.0,56.0,70.0,2.0
20230426,15.970103092783503,0.0072164948453608,0.0,94.0,94.0,82.0,58.0,68.0,2.0
20230427,20.631958762886597,0.0,0.0,94.0,94.0,81.0,58.0,69.0,2.0
20230428,22.403092783505148,1.7391752577319586,0.0,95.0,92.0,84.0,60.0,68.0,2.0
20230429,18.625773195876288,0.8618556701030928,0.0,94.0,92.0,82.0,59.0,69.0,2.0
20230430,20.04742268041237,0.0288659793814432,0.0,93.0,93.0,82.0,60.0,68.0,2.0
20230501,21.04432989690721,0.0051546391752577,0.0,94.0,92.0,84.0,61.0,68.0,2.0
20230502,23.937113402061872,0.0,0.0,93.0,94.0,83.0,61.0,70.0,2.0
20230503,23.58556701030928,2.654639175257732,0.0,92.0,94.0,82.0,61.0,71.0,2.0
20230504,22.55670103092784,6.544329896907216,0.0,93.0,92.0,82.0,60.0,70.0,2.0
20230505,20.54948453608248,12.847422680412368,0.0,95.0,91.0,83.0,59.0,70.0,2.0
20230506,18.104123711340204,2.717525773195876,0.0,94.0,92.0,82.0,59.0,70.0,2.0
20230507,14.703092783505165,0.5298969072164949,0.0,94.0,94.0,83.0,61.0,67.0,2.0
20230508,21.012371134020626,0.0,0.0,92.0,97.0,81.0,60.0,71.0,2.0
20230509,24.40721649484535,0.0,0.0,92.0,97.0,81.0,60.0,70.0,2.0
20230510,24.959793814432988,0.0,0.0,93.0,96.0,82.0,60.0,69.0,2.0
20230511,24.31649484536083,0.0,0.0,94.0,95.0,82.0,60.0,69.0,2.0
20230512,23.32474226804123,0.3051546391752577,0.0,94.0,96.0,82.0,60.0,69.0,2.0
20230513,21.868041237113403,0.1154639175257732,0.0,93.0,96.0,82.0,60.0,69.0,2.0
20230514,23.974226804123703,0.0,0.0,94.0,94.0,84.0,63.0,66.0,2.0
20230515,25.234020618556684,0.0989690721649484,0.0,93.0,98.0,82.0,60.0,70.0,2.0
20230516,29.94845360824744,0.0,0.0,94.0,97.0,82.0,61.0,69.0,2.0
20230517,28.919587628865976,1.1649484536082475,0.0,94.0,98.0,82.0,61.0,67.0,2.0
20230518,22.061855670103093,2.107216494845361,0.0,95.0,97.0,82.0,61.0,68.0,2.0
20230519,23.49690721649484,0.0061855670103092,0.0,94.0,99.0,80.0,60.0,67.0,2.0
20230520,25.59587628865977,0.0082474226804123,0.0,92.0,100.0,79.0,59.0,69.0,2.0
20230521,24.21958762886598,0.0051546391752577,0.0,94.0,97.0,82.0,62.0,67.0,2.0
20230522,21.448453608247437,0.0886597938144329,0.0,94.0,98.0,81.0,61.0,68.0,2.0
20230523,24.458762886597945,0.0814432989690721,0.0,95.0,98.0,81.0,60.0,67.0,2.0
20230524,24.751546391752573,0.0030927835051546,0.0,94.0,98.0,81.0,60.0,67.0,2.0
20230525,25.68865979381443,0.034020618556701,0.0,94.0,99.0,80.0,58.0,68.0,2.0
20230526,25.302061855670104,0.1247422680412371,0.0,94.0,100.0,81.0,59.0,67.0,2.0
20230527,24.0360824742268,2.8298969072164954,0.0,93.0,95.0,83.0,60.0,68.0,2.0
20230528,21.97938144329897,7.806185567010312,0.0,93.0,93.0,84.0,61.0,68.0,2.0
20230529,23.2278350515464,2.4237113402061863,0.0,94.0,97.0,83.0,60.0,66.0,2.0
20230530,24.098969072164945,1.0257731958762886,0.0,93.0,98.0,82.0,60.0,67.0,2.0
20230531,26.120618556701032,0.0082474226804123,0.0,94.0,98.0,83.0,61.0,66.0,2.0
20230601,23.211340206185568,1.8752577319587629,0.0,93.0,97.0,84.0,62.0,65.0,2.0
20230602,27.11340206185566,0.0,0.0,91.0,97.0,81.0,60.0,69.0,2.0
20230603,27.201030927835056,0.0,0.0,93.0,96.0,83.0,61.0,67.0,2.0
20230604,27.785567010309272,0.0010309278350515,0.0,93.0,95.0,83.0,61.0,66.0,2.0
20230605,26.147422680412365,0.8422680412371134,0.0,95.0,94.0,85.0,62.0,66.0,2.0
20230606,26.278350515463902,0.0030927835051546,0.0,96.0,93.0,85.0,62.0,65.0,2.0
20230607,26.34329896907216,0.0030927835051546,0.0,97.0,92.0,88.0,65.0,64.0,2.0
20230608,26.84123711340207,1.3979381443298968,0.0,97.0,92.0,87.0,64.0,65.0,2.0
20230609,27.80927835051547,0.0288659793814432,0.0,97.0,93.0,87.0,64.0,65.0,2.0
20230610,28.302061855670107,1.6989690721649482,0.0,98.0,93.0,88.0,64.0,63.0,2.0
20230611,27.340206185567016,0.4247422680412372,0.0,99.0,92.0,89.0,65.0,62.0,2.0
20230612,27.429896907216506,0.1690721649484536,0.0,98.0,95.0,88.0,66.0,64.0,2.0
20230613,24.29687499999999,0.0,0.0,99.0,92.0,89.0,65.0,62.0,2.0
